FOLIO_I;FOLIO_INT;t_hora;t_min;t_sumai;t_sumaf;hora_ini_1;fecha_ini_1;hora_fin_1;fecha_fin_1;tiempo1;resultado_1;hora_ini_2;fecha_ini_2;hora_fin_2;fecha_fin_2;tiempo2;resultado_2;hora_ini_3;fecha_ini_3;hora_fin_3;fecha_fin_3;tiempo3;resultado_3;hora_ini_4;fecha_ini_4;hora_fin_4;fecha_fin_4;tiempo4;resultado_4;hora_ini;fecha_ini;localizado;entidad;desc_ent;municipio;desc_mun;nota1;region;edad;sexo;fech_nac;nota2;p_t_maiz;p_t_trigo;consumo;comentario;tiempo;hora_fin;fecha_fin;completa;otroent;ponde_f;estrato;est_sel;upm
2022_01001035;2022_01001035_06;17;17;1015;1037;16:55:13;09/11/2022;17:17:27;09/11/2022;22;1; ; ; ; ;0;0; ; ; ; ;0;0; ; ; ; ;0;0;16:55:13;09/11/2022;1;01;01 AGUASCALIENTES;001;001 AGUASCALIENTES;1;4;10;2;08072012;1;22;25;1;NINGUNO;22;17:17:27;09/11/2022;1; ;40406,0601427181;3;13;0100100011320
2022_01001053;2022_01001053_04;15;24;901;924;15:01:16;17/11/2022;15:24:53;17/11/2022;23;1; ; ; ; ;0;0; ; ; ; ;0;0; ; ; ; ;0;0;15:01:16;17/11/2022;1;01;01 AGUASCALIENTES;001;001 AGUASCALIENTES;1;4;11;1;13022011;1;21; ;3;NINGUNO;23;15:24:53;17/11/2022;1; ;34194,3738753318;3;13;0100100011405
2022_01001072;2022_01001072_03;16;6;934;966;15:34:06;15/11/2022;16:06:59;15/11/2022;32;1; ; ; ; ;0;0; ; ; ; ;0;0; ; ; ; ;0;0;15:34:06;15/11/2022;1;01;01 AGUASCALIENTES;001;001 AGUASCALIENTES;1;4;8;2;27082014;1;27; ;1; ;32;16:06:59;15/11/2022;1; ;21211,3068419312;3;13;0100100012032
2022_01002009;2022_01002009_05;12;44;737;764;12:17:19;03/11/2022;12:44:03;03/11/2022;27;1; ; ; ; ;0;0; ; ; ; ;0;0; ; ; ; ;0;0;12:17:19;03/11/2022;1;01;01 AGUASCALIENTES;002;002 ASIENTOS;1;4;5;2;25032017;1;58;50;1; ;27;12:44:03;03/11/2022;1; ;33063,7296210961;1;11;0100200000029
2022_01005024;2022_01005024_04;18;15;1077;1095;17:57:34;06/11/2022;18:15:35;06/11/2022;18;1; ; ; ; ;0;0; ; ; ; ;0;0; ; ; ; ;0;0;17:57:34;06/11/2022;1;01;01 AGUASCALIENTES;005;005 JESÚS MARÍA;1;4;9;2;20022013;1;23;25;2;NINGUNO;18;18:15:35;06/11/2022;1; ;63770,4417237588;2;12;0100500010247
2022_01006002;2022_01006002_06;12;8;700;728;11:40:00;06/11/2022;12:08:13;06/11/2022;28;1; ; ; ; ;0;0; ; ; ; ;0;0; ; ; ; ;0;0;11:40:00;06/11/2022;1;01;01 AGUASCALIENTES;006;006 PABELLÓN DE ARTEAGA;1;4;7;2;18102014;1;25;78;1; ;28;12:08:13;06/11/2022;1; ;123263,456088033;2;12;0100600010282
2022_01006010;2022_01006010_04;15;11;882;911;14:42:48;06/11/2022;15:11:29;06/11/2022;29;1; ; ; ; ;0;0; ; ; ; ;0;0; ; ; ; ;0;0;14:42:48;06/11/2022;1;01;01 AGUASCALIENTES;006;006 PABELLÓN DE ARTEAGA;1;4;8;2;28122013;1;19; ;1;NINGUNO;29;15:11:29;06/11/2022;1; ;36352,3383109437;2;12;0100600010282
2022_01009002;2022_01009002_03;18;5;1071;1085;17:51:07;04/11/2022;18:05:34;04/11/2022;14;1; ; ; ; ;0;0; ; ; ; ;0;0; ; ; ; ;0;0;17:51:07;04/11/2022;1;01;01 AGUASCALIENTES;009;009 TEPEZALÁ;1;4;10;1;14102011;1;41;30;1; ;14;18:05:34;04/11/2022;1; ;8937,67643395246;1;11;010090000002A
2022_01009029;2022_01009029_08;13;35;801;815;13:21:27;05/11/2022;13:35:44;05/11/2022;14;1; ; ; ; ;0;0; ; ; ; ;0;0; ; ; ; ;0;0;13:21:27;05/11/2022;1;01;01 AGUASCALIENTES;009;009 TEPEZALÁ;1;4;9;2;13032013;1;31; ;1; ;14;13:35:44;05/11/2022;1; ;14010,6286943644;1;11;010090000002A
2022_02001032;2022_02001032_04;19;32;1144;1172;19:04:22;13/11/2022;19:32:27;13/11/2022;28;1; ; ; ; ;0;0; ; ; ; ;0;0; ; ; ; ;0;0;19:04:22;13/11/2022;1;02;02 BAJA CALIFORNIA;001;001 ENSENADA;1;1;7;2;02102015;1;30;999;1;NINGUNO;28;19:32:27;13/11/2022;1; ;219679,646664619;3;23;0200100017377
2022_02002155;2022_02002155_03;15;10;887;910;14:40:03;27/10/2022;14:42:10;27/10/2022;2;8;14:47:38;27/10/2022;15:10:12;27/10/2022;23;1; ; ; ; ;0;0; ; ; ; ;0;0;14:40:03;27/10/2022;1;02;02 BAJA CALIFORNIA;002;002 MEXICALI;1;1;11;1;29112011;1;32;32;3; ;25;15:10:12;27/10/2022;1; ;37270,2054762314;1;21;0200200003511
2022_03003094;2022_03003094_04;18;59;1128;1139;18:48:09;24/11/2022;18:59:04;24/11/2022;11;1; ; ; ; ;0;0; ; ; ; ;0;0; ; ; ; ;0;0;18:48:09;24/11/2022;1;03;03 BAJA CALIFORNIA SUR;003;003 LA PAZ;1;1;9;2;03032013;1;27; ;1; ;11;18:59:04;24/11/2022;1; ;16528,0898116133;3;33;0300300015420
2022_03003119;2022_03003119_03;18;55;1117;1135;18:37:00;25/11/2022;18:55:01;25/11/2022;18;1; ; ; ; ;0;0; ; ; ; ;0;0; ; ; ; ;0;0;18:37:00;25/11/2022;1;03;03 BAJA CALIFORNIA SUR;003;003 LA PAZ;1;1;10;2;12052012;1;28; ;1;RESPUESTAS REGULARES;18;18:55:01;25/11/2022;1; ;19204,6982213135;3;33;0300300016503
2022_03003129;2022_03003129_03;13;16;785;796;12:39:11;04/12/2022;13:05:22;04/12/2022;26;2;13:05:30;04/12/2022;13:16:17;04/12/2022;11;1; ; ; ; ;0;0; ; ; ; ;0;0;12:39:11;04/12/2022;1;03;03 BAJA CALIFORNIA SUR;003;003 LA PAZ;1;1;10;2;10112011;1;26;28;1; ;37;13:16:17;04/12/2022;1; ;96260,7662981482;2;32;0300306840097
2022_03008047;2022_03008047_05;21;6;1238;1266;20:38:35;28/11/2022;21:06:29;28/11/2022;28;1; ; ; ; ;0;0; ; ; ; ;0;0; ; ; ; ;0;0;20:38:35;28/11/2022;1;03;03 BAJA CALIFORNIA SUR;008;008 LOS CABOS;1;1;7;2;25072015;1;24; ;1; ;28;21:06:29;28/11/2022;1; ;22336,5328025517;3;33;030080054091A
2022_03008095;2022_03008095_05;12;47;740;767;12:20:43;01/12/2022;12:47:13;01/12/2022;27;1; ; ; ; ;0;0; ; ; ; ;0;0; ; ; ; ;0;0;12:20:43;01/12/2022;1;03;03 BAJA CALIFORNIA SUR;008;008 LOS CABOS;1;1;8;1;19092014;1;36; ;1;NINGUNO;27;12:47:13;01/12/2022;1; ;7426,10491355829;3;33;0300800542530
2022_04001032;2022_04001032_03;16;44;978;1004;16:18:36;05/11/2022;16:44:03;05/11/2022;26;1; ; ; ; ;0;0; ; ; ; ;0;0; ; ; ; ;0;0;16:18:36;05/11/2022;1;04;04 CAMPECHE;001;001 CALKINÍ;1;8;11;2;15022011;1;28; ;2; ;26;16:44:03;05/11/2022;1; ;8094,92468443701;2;42;0400100070186
2022_04001040;2022_04001040_04;18;0;1053;1080;17:33:39;07/11/2022;18:00:28;07/11/2022;27;1; ; ; ; ;0;0; ; ; ; ;0;0; ; ; ; ;0;0;17:33:39;07/11/2022;1;04;04 CAMPECHE;001;001 CALKINÍ;1;8;8;1;08012014;1;22; ;2; ;27;18:00:28;07/11/2022;1; ;7494,43551082347;2;42;0400100070186
2022_04002001;2022_04002001_03;10;3;553;603;09:13:54;31/10/2022;10:03:45;31/10/2022;50;1; ; ; ; ;0;0; ; ; ; ;0;0; ; ; ; ;0;0;09:13:54;31/10/2022;1;04;04 CAMPECHE;002;002 CAMPECHE;1;8;7;1;25032015;1;18;21;1;HOT CAKE 2 DIAS, 1VEZ, 2PZs,MEDIANAS;50;10:03:45;31/10/2022;1; ;21406,1568008401;3;43;0400200011209
2022_04002040;2022_04002040_03;17;34;999;1054;16:39:56;25/10/2022;17:34:35;25/10/2022;55;1; ; ; ; ;0;0; ; ; ; ;0;0; ; ; ; ;0;0;16:39:56;25/10/2022;1;04;04 CAMPECHE;002;002 CAMPECHE;1;8;6;2;26072016;1;20; ;1; ;55;17:34:35;25/10/2022;1; ;15392,5359473519;3;43;0400200011302
2022_04002150;2022_04002150_05;16;52;954;1012;15:54:08;10/11/2022;16:52:40;10/11/2022;58;1; ; ; ; ;0;0; ; ; ; ;0;0; ; ; ; ;0;0;15:54:08;10/11/2022;1;04;04 CAMPECHE;002;002 CAMPECHE;1;8;10;1;12022012;1;72;0;3; ;58;16:52:40;10/11/2022;1; ;17027,1516178774;1;41;040020000079A
2022_04002158;2022_04002158_05;17;59;1059;1079;17:39:17;10/11/2022;17:59:52;10/11/2022;20;1; ; ; ; ;0;0; ; ; ; ;0;0; ; ; ; ;0;0;17:39:17;10/11/2022;1;04;04 CAMPECHE;002;002 CAMPECHE;1;8;6;2;10022016;1;14; ;1; ;20;17:59:52;10/11/2022;1; ;10490,0111551999;1;41;040020000079A
2022_04003007;2022_04003007_05;20;40;1215;1240;20:15:20;16/11/2022;20:40:36;16/11/2022;25;1; ; ; ; ;0;0; ; ; ; ;0;0; ; ; ; ;0;0;20:15:20;16/11/2022;1;04;04 CAMPECHE;003;003 CARMEN;1;8;8;1;04042014;1;18; ;3; ;25;20:40:36;16/11/2022;1; ;74255,3109232713;3;43;040030001002A
2022_04008005;2022_04008005_07;16;13;945;973;15:45:40;09/11/2022;16:13:27;09/11/2022;28;1; ; ; ; ;0;0; ; ; ; ;0;0; ; ; ; ;0;0;15:45:40;09/11/2022;1;04;04 CAMPECHE;008;008 TENABO;1;8;6;1;25102015;1;20;20;1; ;28;16:13:27;09/11/2022;1; ;7494,43551082347;2;42;0400800010223
2022_05002024;2022_05002024_03;14;11;787;851;18:26:39;10/10/2022;18:47:11;10/10/2022;21;4;13:07:26;11/10/2022;14:11:30;11/10/2022;64;1; ; ; ; ;0;0; ; ; ; ;0;0;18:26:39;10/10/2022;1;05;05 COAHUILA DE ZARAGOZA;002;002 ACUÑA;1;2;8;1;12102013;1;23;0;1; ;85;14:11:30;11/10/2022;1; ;26915,4709769374;3;53;0500200013498
2022_05002030;2022_05002030_03;10;40;601;640;10:01:59;10/10/2022;10:40:44;10/10/2022;39;1; ; ; ; ;0;0; ; ; ; ;0;0; ; ; ; ;0;0;10:01:59;10/10/2022;1;05;05 COAHUILA DE ZARAGOZA;002;002 ACUÑA;1;2;5;1;26012017;1;16; ;3;LA MAMÁ COMENTA QUE HAY DIAS QUE EL NIÑO COME MENOS DE LO QUE NORMALMENTE COME;39;10:40:44;10/10/2022;1; ;32149,9170673307;3;53;0500200013498
2022_05017007;2022_05017007_05;20;13;1180;1213;19:40:39;29/09/2022;20:13:12;29/09/2022;33;1; ; ; ; ;0;0; ; ; ; ;0;0; ; ; ; ;0;0;19:40:39;29/09/2022;1;05;05 COAHUILA DE ZARAGOZA;017;017 MATAMOROS;1;2;9;2;31072013;1;22; ;1; ;33;20:13:12;29/09/2022;1; ;47688,1597546006;2;52;0501700010301
2022_05017013;2022_05017013_03;18;42;1041;1122;17:21:01;29/09/2022;18:42:04;29/09/2022;81;1; ; ; ; ;0;0; ; ; ; ;0;0; ; ; ; ;0;0;17:21:01;29/09/2022;1;05;05 COAHUILA DE ZARAGOZA;017;017 MATAMOROS;1;2;5;1;26102016;1;19; ;1; ;81;18:42:04;29/09/2022;1; ;22165,4853132839;2;52;0501700010301
2022_05026015;2022_05026015_05;20;59;1221;1259;20:21:46;14/10/2022;20:59:00;14/10/2022;38;1; ; ; ; ;0;0; ; ; ; ;0;0; ; ; ; ;0;0;20:21:46;14/10/2022;1;05;05 COAHUILA DE ZARAGOZA;026;026 PROGRESO;1;2;11;2;18102010;1;24;0;1; ;38;20:59:00;14/10/2022;1; ;170740,449571006;1;51;0502600000368
2022_05030004;2022_05030004_02;20;46;1221;1246;20:21:16;17/10/2022;20:46:25;17/10/2022;25;1; ; ; ; ;0;0; ; ; ; ;0;0; ; ; ; ;0;0;20:21:16;17/10/2022;1;05;05 COAHUILA DE ZARAGOZA;030;030 SALTILLO;1;2;7;1;30102014;1;22; ;1; ;25;20:46:25;17/10/2022;1; ;37902,3047192979;3;53;0503000013755
2022_05030050;2022_05030050_04;19;7;1106;1147;18:26:31;07/10/2022;19:07:15;07/10/2022;41;1; ; ; ; ;0;0; ; ; ; ;0;0; ; ; ; ;0;0;18:26:31;07/10/2022;1;05;05 COAHUILA DE ZARAGOZA;030;030 SALTILLO;1;2;8;1;09112013;1;24;30;1; ;41;19:07:15;07/10/2022;1; ;34231,4338522476;3;53;0503000014429
2022_05035012;2022_05035012_02;17;54;1041;1074;17:21:57;24/09/2022;17:54:43;24/09/2022;33;1; ; ; ; ;0;0; ; ; ; ;0;0; ; ; ; ;0;0;17:21:57;24/09/2022;1;05;05 COAHUILA DE ZARAGOZA;035;035 TORREÓN;1;2;11;1;20022011;1;22;24;1; ;33;17:54:43;24/09/2022;1; ;61796,3084425099;3;53;0503500010812
2022_05035067;2022_05035067_08;18;23;1072;1103;17:52:39;25/09/2022;18:23:34;25/09/2022;31;1; ; ; ; ;0;0; ; ; ; ;0;0; ; ; ; ;0;0;17:52:39;25/09/2022;1;05;05 COAHUILA DE ZARAGOZA;035;035 TORREÓN;1;2;8;1;12062014;1;25; ;1; ;31;18:23:34;25/09/2022;1; ;134602,742048408;3;53;0503500011011
2022_05038009;2022_05038009_04;21;11;1246;1271;20:46:29;13/10/2022;21:11:02;13/10/2022;25;1; ; ; ; ;0;0; ; ; ; ;0;0; ; ; ; ;0;0;20:46:29;13/10/2022;1;05;05 COAHUILA DE ZARAGOZA;038;038 ZARAGOZA;1;2;5;1;21122016;1;26;30;1; ;25;21:11:02;13/10/2022;1; ;19651,4797602408;2;52;0503800010852
2022_06007011;2022_06007011_03;20;11;1192;1211;19:52:34;04/12/2022;20:11:28;04/12/2022;19;1; ; ; ; ;0;0; ; ; ; ;0;0; ; ; ; ;0;0;19:52:34;04/12/2022;1;06;06 COLIMA;007;007 MANZANILLO;1;3;10;1;19072012;1;25;26;1; ;19;20:11:28;04/12/2022;1; ;17175,4240967925;3;63;0600700011492
2022_06007049;2022_06007049_05;12;37;719;757;11:59:52;05/12/2022;12:37:42;05/12/2022;38;1; ; ; ; ;0;0; ; ; ; ;0;0; ; ; ; ;0;0;11:59:52;05/12/2022;1;06;06 COLIMA;007;007 MANZANILLO;1;3;6;2;22122015;1;28; ;1; ;38;12:37:42;05/12/2022;1; ;52521,6401166039;3;63;0600700011666
2022_06010021;2022_06010021_03;14;32;796;872;13:16:37;28/11/2022;14:32:52;28/11/2022;76;1; ; ; ; ;0;0; ; ; ; ;0;0; ; ; ; ;0;0;13:16:37;28/11/2022;1;06;06 COLIMA;010;010 VILLA DE ÁLVAREZ;1;3;11;1;23072011;1;27; ;3; ;76;14:32:52;28/11/2022;1; ;20780,8728000379;3;63;0601000010748
2022_06010033;2022_06010033_02;16;4;938;964;15:38:12;27/11/2022;16:04:35;27/11/2022;26;1; ; ; ; ;0;0; ; ; ; ;0;0; ; ; ; ;0;0;15:38:12;27/11/2022;1;06;06 COLIMA;010;010 VILLA DE ÁLVAREZ;1;3;7;2;31072015;1;30; ;1; ;26;16:04:35;27/11/2022;1; ;46386,6337212171;3;63;0601000011159
2022_07008011;2022_07008011_06;8;44;487;524;08:07:58;26/11/2022;08:44:03;26/11/2022;37;1; ; ; ; ;0;0; ; ; ; ;0;0; ; ; ; ;0;0;08:07:58;26/11/2022;1;07;07 CHIAPAS;008;008 ANGEL ALBINO CORZO;1;8;6;2;11102016;1;28; ;1; ;37;08:44:03;26/11/2022;1; ;35225,9322376238;1;71;0700800000034
2022_07008034;2022_07008034_03;10;14;599;614;09:59:13;27/11/2022;10:14:44;27/11/2022;15;1; ; ; ; ;0;0; ; ; ; ;0;0; ; ; ; ;0;0;09:59:13;27/11/2022;1;07;07 CHIAPAS;008;008 ANGEL ALBINO CORZO;1;8;5;1;20052017;1;30; ;1; ;15;10:14:44;27/11/2022;1; ;86132,7995299911;1;71;0700800000034
2022_07008039;2022_07008039_04;10;24;588;624;09:45:41;27/11/2022;09:47:04;27/11/2022;2;2;09:48:39;27/11/2022;10:24:36;27/11/2022;36;1; ; ; ; ;0;0; ; ; ; ;0;0;09:45:41;27/11/2022;1;07;07 CHIAPAS;008;008 ANGEL ALBINO CORZO;1;8;7;1;22092015;1;40; ;1; ;38;10:24:36;27/11/2022;1; ;43066,3997649955;1;71;0700800000034
2022_07020005;2022_07020005_06;13;24;761;804;12:41:16;24/11/2022;13:24:48;24/11/2022;43;1; ; ; ; ;0;0; ; ; ; ;0;0; ; ; ; ;0;0;12:41:16;24/11/2022;1;07;07 CHIAPAS;020;020 LA CONCORDIA;1;8;6;2;21092016;1;30; ;1; ;43;13:24:48;24/11/2022;1; ;158070,302901097;2;72;0702001450433
2022_07020017;2022_07020017_04;13;42;804;822;12:30:08;24/11/2022;12:30:59;24/11/2022;0;2;13:24:11;24/11/2022;13:42:09;24/11/2022;18;1; ; ; ; ;0;0; ; ; ; ;0;0;12:30:08;24/11/2022;1;07;07 CHIAPAS;020;020 LA CONCORDIA;1;8;6;1;23042016;1;48; ;1; ;18;13:42:09;24/11/2022;1; ;122720,657472478;2;72;0702001450433
2022_07039008;2022_07039008_06;18;26;1083;1106;18:03:57;19/11/2022;18:26:54;19/11/2022;23;1; ; ; ; ;0;0; ; ; ; ;0;0; ; ; ; ;0;0;18:03:57;19/11/2022;1;07;07 CHIAPAS;039;039 HUITIUPÁN;1;8;8;1;05012014;1;28; ;1; ;23;18:26:54;19/11/2022;1; ;72056,1723529372;1;71;0703900000045
2022_07039023;2022_07039023_03;9;4;524;544;08:44:58;19/11/2022;09:04:39;19/11/2022;20;1; ; ; ; ;0;0; ; ; ; ;0;0; ; ; ; ;0;0;08:44:58;19/11/2022;1;07;07 CHIAPAS;039;039 HUITIUPÁN;1;8;5;2;21122016;1;0; ;3; ;20;09:04:39;19/11/2022;1; ;45742,0755218674;1;71;0703900000045
2022_07039028;2022_07039028_03;17;40;1047;1060;17:27:32;18/11/2022;17:40:47;18/11/2022;13;1; ; ; ; ;0;0; ; ; ; ;0;0; ; ; ; ;0;0;17:27:32;18/11/2022;1;07;07 CHIAPAS;039;039 HUITIUPÁN;1;8;10;1;24072012;1;25; ;1; ;13;17:40:47;18/11/2022;1; ;37123,7572441074;1;71;0703900000045
2022_07052011;2022_07052011_03;13;46;809;826;13:29:17;18/11/2022;13:46:00;18/11/2022;17;1; ; ; ; ;0;0; ; ; ; ;0;0; ; ; ; ;0;0;13:29:17;18/11/2022;1;07;07 CHIAPAS;052;052 LAS MARGARITAS;1;8;10;1;22102011;1;9,9; ;1; ;17;13:46:00;18/11/2022;1; ;36029,7469635757;1;71;0705200000174
2022_07052019;2022_07052019_03;17;7;1002;1027;16:42:19;19/11/2022;17:07:16;19/11/2022;25;1; ; ; ; ;0;0; ; ; ; ;0;0; ; ; ; ;0;0;16:42:19;19/11/2022;1;07;07 CHIAPAS;052;052 LAS MARGARITAS;1;8;10;2;13082012;1;16; ;1; ;25;17:07:16;19/11/2022;1; ;46070,8889443456;1;71;0705200000174
2022_07058006;2022_07058006_03;15;10;890;910;14:50:12;22/11/2022;15:10:37;22/11/2022;20;1; ; ; ; ;0;0; ; ; ; ;0;0; ; ; ; ;0;0;14:50:12;22/11/2022;1;07;07 CHIAPAS;058;058 NICOLÁS RUÍZ;1;8;6;1;31122015;1;30; ;1; ;20;15:10:37;22/11/2022;1; ;49958,5810333637;2;72;0705800010036
2022_07058024;2022_07058024_02;12;57;747;777;12:27:13;23/11/2022;12:57:24;23/11/2022;30;1; ; ; ; ;0;0; ; ; ; ;0;0; ; ; ; ;0;0;12:27:13;23/11/2022;1;07;07 CHIAPAS;058;058 NICOLÁS RUÍZ;1;8;10;2;03032012;1;34;10;1; ;30;12:57:24;23/11/2022;1; ;74200,4064617221;2;72;0705800010036
2022_07101013;2022_07101013_06;14;4;819;844;13:39:22;16/11/2022;14:04:45;16/11/2022;25;1; ; ; ; ;0;0; ; ; ; ;0;0; ; ; ; ;0;0;13:39:22;16/11/2022;1;07;07 CHIAPAS;101;101 TUXTLA GUTIÉRREZ;1;8;9;2;04062013;1;18;11;1; ;25;14:04:45;16/11/2022;1; ;65431,083133253;3;73;0710100012213
2022_07101019;2022_07101019_05;14;14;815;854;13:35:12;16/11/2022;14:14:17;16/11/2022;39;1; ; ; ; ;0;0; ; ; ; ;0;0; ; ; ; ;0;0;13:35:12;16/11/2022;1;07;07 CHIAPAS;101;101 TUXTLA GUTIÉRREZ;1;8;8;1;27032014;1;16;25;1; ;39;14:14:17;16/11/2022;1; ;76993,8573326792;3;73;0710100012213
2022_08011022;2022_08011022_03;18;2;1017;1082;16:57:55;19/10/2022;18:02:35;19/10/2022;65;1; ; ; ; ;0;0; ; ; ; ;0;0; ; ; ; ;0;0;16:57:55;19/10/2022;1;08;08 CHIHUAHUA;011;011 CAMARGO;1;2;6;1;27102015;1;27; ;1;NINGUNO;65;18:02:35;19/10/2022;1; ;22696,0085241908;2;82;0801100013058
2022_08019004;2022_08019004_05;17;23;1010;1043;16:50:24;03/10/2022;17:23:23;03/10/2022;33;1; ; ; ; ;0;0; ; ; ; ;0;0; ; ; ; ;0;0;16:50:24;03/10/2022;1;08;08 CHIHUAHUA;019;019 CHIHUAHUA;1;2;7;2;18032015;1;26; ;1;NINGUNO;33;17:23:23;03/10/2022;1; ;58920,5158496685;3;83;0801900013569
2022_08019076;2022_08019076_04;18;59;1083;1139;18:03:43;08/10/2022;18:59:44;08/10/2022;56;1; ; ; ; ;0;0; ; ; ; ;0;0; ; ; ; ;0;0;18:03:43;08/10/2022;1;08;08 CHIHUAHUA;019;019 CHIHUAHUA;1;2;5;1;12122016;1;21; ;3;NINGUNO;56;18:59:44;08/10/2022;1; ;32067,0602876027;3;83;0801900018305
2022_08019108;2022_08019108_03;20;33;1206;1233;20:06:15;05/10/2022;20:33:13;05/10/2022;27;1; ; ; ; ;0;0; ; ; ; ;0;0; ; ; ; ;0;0;20:06:15;05/10/2022;1;08;08 CHIHUAHUA;019;019 CHIHUAHUA;1;2;11;1;12062011;1;29;31;1; ;27;20:33:13;05/10/2022;1; ;34932,040048374;3;83;0801900018305
2022_08021005;2022_08021005_03;10;22;581;622;09:41:02;12/10/2022;10:22:01;12/10/2022;41;1; ; ; ; ;0;0; ; ; ; ;0;0; ; ; ; ;0;0;09:41:02;12/10/2022;1;08;08 CHIHUAHUA;021;021 DELICIAS;1;2;9;2;08082013;1;27;35;1;NINGUNO;41;10:22:01;12/10/2022;1; ;29429,8328802141;3;83;0802100010473
2022_08032004;2022_08032004_07;20;42;1228;1242;20:28:58;17/10/2022;20:42:32;17/10/2022;14;1; ; ; ; ;0;0; ; ; ; ;0;0; ; ; ; ;0;0;20:28:58;17/10/2022;1;08;08 CHIHUAHUA;032;032 HIDALGO DEL PARRAL;1;2;8;1;05072014;1;23;28;3;NINGUNO;14;20:42:32;17/10/2022;1; ;28591,2600466388;3;83;080320001059A
2022_08037008;2022_08037008_03;18;4;1053;1084;17:33:31;03/10/2022;18:04:23;03/10/2022;31;1; ; ; ; ;0;0; ; ; ; ;0;0; ; ; ; ;0;0;17:33:31;03/10/2022;1;08;08 CHIHUAHUA;037;037 JUÁREZ;1;2;8;1;14012014;1;19;58;1;NINGUNO;31;18:04:23;03/10/2022;1; ;34560,0950046569;3;83;0803700011429
2022_08037044;2022_08037044_05;14;3;833;843;13:43:55;08/10/2022;13:53:05;08/10/2022;10;6;13:53:13;08/10/2022;14:03:55;08/10/2022;10;1; ; ; ; ;0;0; ; ; ; ;0;0;13:43:55;08/10/2022;1;08;08 CHIHUAHUA;037;037 JUÁREZ;1;2;11;1;13092011;1;37; ;1;NO;20;14:03:55;08/10/2022;1; ;40764,1719521025;3;83;0803700011787
2022_08037061;2022_08037061_05;16;54;1002;1014;16:42:38;06/10/2022;16:54:50;06/10/2022;12;1; ; ; ; ;0;0; ; ; ; ;0;0; ; ; ; ;0;0;16:42:38;06/10/2022;1;08;08 CHIHUAHUA;037;037 JUÁREZ;1;2;7;1;31012015;1;34; ;1;NO;12;16:54:50;06/10/2022;1; ;37625,3507374538;3;83;0803700011787
2022_08050013;2022_08050013_05;17;41;1037;1061;17:17:14;16/10/2022;17:41:20;16/10/2022;24;1; ; ; ; ;0;0; ; ; ; ;0;0; ; ; ; ;0;0;17:17:14;16/10/2022;1;08;08 CHIHUAHUA;050;050 NUEVO CASAS GRANDES;1;2;7;1;19062015;1;23;46;1;NINGUNO;24;17:41:20;16/10/2022;1; ;29180,5823882454;2;82;0805000010653
2022_09005056;2022_09005056_07;11;53;676;713;11:16:20;09/09/2022;11:53:27;09/09/2022;37;1; ; ; ; ;0;0; ; ; ; ;0;0; ; ; ; ;0;0;11:16:20;09/09/2022;1;09;09 CIUDAD DE MÉXICO;005;005 GUSTAVO A. MADERO;1;6;9;1;01022013;1;22; ;1;NINGUNO;37;11:53:27;09/09/2022;1; ;39455,8329984876;3;93;0900500012979
2022_09007048;2022_09007048_06;8;43;488;523;08:08:30;07/09/2022;08:43:12;07/09/2022;35;1; ; ; ; ;0;0; ; ; ; ;0;0; ; ; ; ;0;0;08:08:30;07/09/2022;1;09;09 CIUDAD DE MÉXICO;007;007 IZTAPALAPA;1;6;9;1;30082012;1;26; ;1; ;35;08:43:12;07/09/2022;1; ;98880,9308421673;3;93;0900700010977
2022_09012057;2022_09012057_03;14;12;727;852;12:07:11;06/09/2022;14:12:24;06/09/2022;125;1; ; ; ; ;0;0; ; ; ; ;0;0; ; ; ; ;0;0;12:07:11;06/09/2022;1;09;09 CIUDAD DE MÉXICO;012;012 TLALPAN;1;6;9;1;14072013;1;25; ;1; ;125;14:12:24;06/09/2022;1; ;157701,249675464;1;91;0901200001227
2022_09016024;2022_09016024_04;20;54;1219;1254;20:19:03;08/09/2022;20:54:18;08/09/2022;35;1; ; ; ; ;0;0; ; ; ; ;0;0; ; ; ; ;0;0;20:19:03;08/09/2022;1;09;09 CIUDAD DE MÉXICO;016;016 MIGUEL HIDALGO;1;6;10;1;21092011;1;20; ;1;NINGUNA;35;20:54:18;08/09/2022;1; ;186198,687535016;3;93;0901600010139
2022_09017032;2022_09017032_02;12;22;717;742;11:57:58;17/09/2022;12:22:01;17/09/2022;25;1; ; ; ; ;0;0; ; ; ; ;0;0; ; ; ; ;0;0;11:57:58;17/09/2022;1;09;09 CIUDAD DE MÉXICO;017;017 VENUSTIANO CARRANZA;1;6;11;1;29092010;1;24; ;1; ;25;12:22:01;17/09/2022;1; ;34595,8191265184;3;93;0901700010460
2022_10005033;2022_10005033_04;10;25;607;625;10:07:09;28/10/2022;10:25:24;28/10/2022;18;1; ; ; ; ;0;0; ; ; ; ;0;0; ; ; ; ;0;0;10:07:09;28/10/2022;1;10;10 DURANGO;005;005 DURANGO;1;4;11;1;16012011;1;34;999;1; ;18;10:25:24;28/10/2022;1; ;18546,4590262348;3;103;1000500014215
2022_10005038;2022_10005038_03;14;18;838;858;13:58:35;31/10/2022;14:18:42;31/10/2022;20;1; ; ; ; ;0;0; ; ; ; ;0;0; ; ; ; ;0;0;13:58:35;31/10/2022;1;10;10 DURANGO;005;005 DURANGO;1;4;9;1;03122012;1;25;50;1; ;20;14:18:42;31/10/2022;1; ;27021,8730818882;3;103;1000500014215
2022_10005041;2022_10005041_12;12;53;739;773;12:19:40;31/10/2022;12:53:26;31/10/2022;34;1; ; ; ; ;0;0; ; ; ; ;0;0; ; ; ; ;0;0;12:19:40;31/10/2022;1;10;10 DURANGO;005;005 DURANGO;1;4;7;1;10122014;1;25; ;1; ;34;12:53:26;31/10/2022;1; ;27021,8730818882;3;103;1000500014215
2022_10007002;2022_10007002_04;21;45;1283;1305;16:28:29;25/10/2022;16:30:02;25/10/2022;2;2;20:35:52;25/10/2022;20:38:19;25/10/2022;3;2;21:23:25;25/10/2022;21:45:30;25/10/2022;22;1; ; ; ; ;0;0;16:28:29;25/10/2022;1;10;10 DURANGO;007;007 GÓMEZ PALACIO;1;4;5;1;20012017;1;23; ;1;NINGUNO;27;21:45:30;25/10/2022;1; ;38226,8941546232;3;103;1000700012181
2022_10008009;2022_10008009_06;11;15;637;675;10:37:32;30/10/2022;11:15:43;30/10/2022;38;1; ; ; ; ;0;0; ; ; ; ;0;0; ; ; ; ;0;0;10:37:32;30/10/2022;1;10;10 DURANGO;008;008 GUADALUPE VICTORIA;1;4;7;1;04092015;1; ; ;1;NO;38;11:15:43;30/10/2022;1; ;20964,5198788508;2;102;1000800010498
2022_10012060;2022_10012060_04;12;53;718;773;11:58:57;22/10/2022;12:53:50;22/10/2022;55;1; ; ; ; ;0;0; ; ; ; ;0;0; ; ; ; ;0;0;11:58:57;22/10/2022;1;10;10 DURANGO;012;012 LERDO;1;4;9;1;03042013;1;22; ;1;NINGUNO;55;12:53:50;22/10/2022;1; ;22554,9317317292;2;102;1001200281200
2022_10028025;2022_10028025_03;20;15;1211;1215;20:07:49;24/10/2022;20:08:50;24/10/2022;1;2;20:11:45;24/10/2022;20:15:50;24/10/2022;4;1; ; ; ; ;0;0; ; ; ; ;0;0;20:07:49;24/10/2022;1;10;10 DURANGO;028;028 SAN JUAN DEL RÍO;1;4;10;2;26072012;1;25; ;3;NINGUNO;5;20:15:50;24/10/2022;1; ;38906,2191554209;1;101;1002800000255
2022_11014034;2022_11014034_03;13;31;780;811;13:00:43;06/10/2022;13:31:08;06/10/2022;31;1; ; ; ; ;0;0; ; ; ; ;0;0; ; ; ; ;0;0;13:00:43;06/10/2022;1;11;11 GUANAJUATO;014;014 DOLORES HIDALGO CUNA DE LA INDEPEN;1;4;8;2;03012014;1;37; ;1;RESPUESTAS CONFIABLES;31;13:31:08;06/10/2022;1; ;76475,9271178339;2;112;1101400010288
2022_11015019;2022_11015019_04;18;46;1099;1126;18:19:36;20/10/2022;18:46:42;20/10/2022;27;1; ; ; ; ;0;0; ; ; ; ;0;0; ; ; ; ;0;0;18:19:36;20/10/2022;1;11;11 GUANAJUATO;015;015 GUANAJUATO;1;4;5;2;28012017;1;25; ;3;NINGUNO;27;18:46:42;20/10/2022;1; ;74506,4949669406;2;112;1101500670603
2022_11016007;2022_11016007_03;18;40;1094;1120;18:14:12;08/10/2022;18:40:24;08/10/2022;26;1; ; ; ; ;0;0; ; ; ; ;0;0; ; ; ; ;0;0;18:14:12;08/10/2022;1;11;11 GUANAJUATO;016;016 HUANÍMARO;1;4;8;1;07022014;1;28; ;1; ;26;18:40:24;08/10/2022;1; ;33283,0381957097;1;111;1101600000013
2022_11017051;2022_11017051_04;15;45;924;945;15:24:18;02/10/2022;15:45:32;02/10/2022;21;1; ; ; ; ;0;0; ; ; ; ;0;0; ; ; ; ;0;0;15:24:18;02/10/2022;1;11;11 GUANAJUATO;017;017 IRAPUATO;1;4;9;1;10082013;1;24; ;1; ;21;15:45:32;02/10/2022;1; ;20808,5243361776;3;113;1101700011199
2022_11017054;2022_11017054_03;14;24;831;864;13:51:44;02/10/2022;14:24:13;02/10/2022;33;1; ; ; ; ;0;0; ; ; ; ;0;0; ; ; ; ;0;0;13:51:44;02/10/2022;1;11;11 GUANAJUATO;017;017 IRAPUATO;1;4;9;2;02112012;1;26; ;1;AYER FUERON A UNA FIESTA FAMILIAR;33;14:24:13;02/10/2022;1; ;63815,2065149439;3;113;1101700011199
2022_11017062;2022_11017062_07;21;26;1230;1286;20:30:49;02/10/2022;21:26:19;02/10/2022;56;1; ; ; ; ;0;0; ; ; ; ;0;0; ; ; ; ;0;0;20:30:49;02/10/2022;1;11;11 GUANAJUATO;017;017 IRAPUATO;1;4;10;2;23122011;1;26;37;1; ;56;21:26:19;02/10/2022;1; ;51045,0682427871;3;113;1101700011199
2022_11018015;2022_11018015_03;14;58;853;898;14:13:06;10/10/2022;14:58:05;10/10/2022;45;1; ; ; ; ;0;0; ; ; ; ;0;0; ; ; ; ;0;0;14:13:06;10/10/2022;1;11;11 GUANAJUATO;018;018 JARAL DEL PROGRESO;1;4;8;2;06012014;1;28; ;1;NINGUNO;45;14:58:05;10/10/2022;1; ;24013,0674960837;2;112;1101800010126
2022_11020020;2022_11020020_03;16;35;959;995;15:59:14;06/09/2022;16:35:34;06/09/2022;36;1; ; ; ; ;0;0; ; ; ; ;0;0; ; ; ; ;0;0;15:59:14;06/09/2022;1;11;11 GUANAJUATO;020;020 LEÓN;1;4;10;1;11022012;1;21; ;1;NINGUNO;36;16:35:34;06/09/2022;1; ;18604,9389610232;3;113;1102000010622
2022_11020020;2022_11020020_04;17;17;995;1037;16:35:37;06/09/2022;17:17:43;06/09/2022;42;1; ; ; ; ;0;0; ; ; ; ;0;0; ; ; ; ;0;0;16:35:37;06/09/2022;1;11;11 GUANAJUATO;020;020 LEÓN;1;4;7;1;21082015;1;21; ;1;NINGUNO;42;17:17:43;06/09/2022;1; ;21694,2319991938;3;113;1102000010622
2022_11020054;2022_11020054_05;16;6;925;966;15:25:17;07/09/2022;16:06:45;07/09/2022;41;1; ; ; ; ;0;0; ; ; ; ;0;0; ; ; ; ;0;0;15:25:17;07/09/2022;1;11;11 GUANAJUATO;020;020 LEÓN;1;4;6;1;05102015;1;25; ;1;NINGUNO;41;16:06:45;07/09/2022;1; ;67983,6247236474;3;113;1102000010745
2022_11020095;2022_11020095_03;13;18;751;798;12:31:41;11/09/2022;13:18:38;11/09/2022;47;1; ; ; ; ;0;0; ; ; ; ;0;0; ; ; ; ;0;0;12:31:41;11/09/2022;1;11;11 GUANAJUATO;020;020 LEÓN;1;4;11;2;06062011;1;21; ;1;NINGUNO;47;13:18:38;11/09/2022;1; ;20522,3102546868;3;113;1102000012188
2022_11020148;2022_11020148_06;22;49;700;1369;11:40:23;17/09/2022;22:49:08;17/09/2022;669;1; ; ; ; ;0;0; ; ; ; ;0;0; ; ; ; ;0;0;11:40:23;17/09/2022;1;11;11 GUANAJUATO;020;020 LEÓN;1;4;5;2;28042017;1; ; ;1;NINGUNO;669;22:49:08;17/09/2022;1; ;104688,261044609;3;113;1102000013025
2022_11020203;2022_11020203_08;10;36;597;636;09:57:42;23/09/2022;10:36:39;23/09/2022;39;1; ; ; ; ;0;0; ; ; ; ;0;0; ; ; ; ;0;0;09:57:42;23/09/2022;1;11;11 GUANAJUATO;020;020 LEÓN;1;4;11;1;22032011;1;26; ;1;NINGUNO;39;10:36:39;23/09/2022;1; ;117703,893490485;3;113;1102000013468
2022_11020204;2022_11020204_06;18;13;1011;1093;16:51:13;21/09/2022;18:13:36;21/09/2022;82;1; ; ; ; ;0;0; ; ; ; ;0;0; ; ; ; ;0;0;16:51:13;21/09/2022;1;11;11 GUANAJUATO;020;020 LEÓN;1;4;8;1;28072014;1;26; ;1; ;82;18:13:36;21/09/2022;1; ;45749,4213040325;3;113;1102000013468
2022_11020250;2022_11020250_03;18;57;1100;1137;18:20:08;26/09/2022;18:57:36;26/09/2022;37;1; ; ; ; ;0;0; ; ; ; ;0;0; ; ; ; ;0;0;18:20:08;26/09/2022;1;11;11 GUANAJUATO;020;020 LEÓN;1;4;5;1;09082017;1;32;999,9;1; ;37;18:57:36;26/09/2022;1; ;18501,2838297379;3;113;1102000013913
2022_11020342;2022_11020342_03;17;52;1049;1072;17:29:16;20/10/2022;17:52:44;20/10/2022;23;1; ; ; ; ;0;0; ; ; ; ;0;0; ; ; ; ;0;0;17:29:16;20/10/2022;1;11;11 GUANAJUATO;020;020 LEÓN;1;4;7;1;06122014;1;24; ;1; ;23;17:52:44;20/10/2022;1; ;17228,8441557324;1;111;1102000000035
2022_11020343;2022_11020343_05;8;15;467;495;07:47:59;21/10/2022;08:15:35;21/10/2022;28;1; ; ; ; ;0;0; ; ; ; ;0;0; ; ; ; ;0;0;07:47:59;21/10/2022;1;11;11 GUANAJUATO;020;020 LEÓN;1;4;5;2;10012017;1;30; ;1; ;28;08:15:35;21/10/2022;1; ;18513,3295837082;1;111;1102000000035
2022_11023030;2022_11023030_05;22;12;1266;1332;21:06:49;05/10/2022;22:12:34;05/10/2022;66;1; ; ; ; ;0;0; ; ; ; ;0;0; ; ; ; ;0;0;21:06:49;05/10/2022;1;11;11 GUANAJUATO;023;023 PÉNJAMO;1;4;7;1;11082015;1;36; ;1; ;66;22:12:34;05/10/2022;1; ;30431,6172108133;2;112;1102300010291
2022_11023041;2022_11023041_04;13;35;797;815;13:17:28;06/10/2022;13:35:00;06/10/2022;18;1; ; ; ; ;0;0; ; ; ; ;0;0; ; ; ; ;0;0;13:17:28;06/10/2022;1;11;11 GUANAJUATO;023;023 PÉNJAMO;1;4;7;1;14052015;1;43; ;1; ;18;13:35:00;06/10/2022;1; ;24566,7905414744;1;111;1102300000056
2022_11027086;2022_11027086_03;14;38;837;878;13:57:18;05/10/2022;14:38:35;05/10/2022;41;1; ; ; ; ;0;0; ; ; ; ;0;0; ; ; ; ;0;0;13:57:18;05/10/2022;1;11;11 GUANAJUATO;027;027 SALAMANCA;1;4;10;2;28122011;1;31; ;1;NINGUNO;41;14:38:35;05/10/2022;1; ;15070,6253629558;1;111;1102700000055
2022_11030003;2022_11030003_03;14;7;829;847;13:49:55;11/10/2022;14:07:37;11/10/2022;18;1; ; ; ; ;0;0; ; ; ; ;0;0; ; ; ; ;0;0;13:49:55;11/10/2022;1;11;11 GUANAJUATO;030;030 SAN FELIPE;1;4;11;2;26022011;1;15; ;1;NINGUNO;18;14:07:37;11/10/2022;1; ;68973,6770305931;2;112;1103000010510
2022_11030018;2022_11030018_05;10;55;615;655;10:15:01;11/10/2022;10:55:08;11/10/2022;40;1; ; ; ; ;0;0; ; ; ; ;0;0; ; ; ; ;0;0;10:15:01;11/10/2022;1;11;11 GUANAJUATO;030;030 SAN FELIPE;1;4;6;2;16032016;1;0; ;1;RESPUESTAS CONFIABLES;40;10:55:08;11/10/2022;1; ;47352,7480187618;2;112;1103000010510
2022_11030052;2022_11030052_02;12;8;675;728;11:13:21;12/10/2022;11:14:40;12/10/2022;1;7;11:15:27;12/10/2022;12:08:21;12/10/2022;53;1; ; ; ; ;0;0; ; ; ; ;0;0;11:13:21;12/10/2022;1;11;11 GUANAJUATO;030;030 SAN FELIPE;1;4;5;2;29012017;1;42; ;1; ;54;12:08:21;12/10/2022;1; ;29115,2035106148;1;111;1103000000243
2022_11032012;2022_11032012_04;15;41;902;941;15:02:27;20/10/2022;15:41:06;20/10/2022;39;1; ; ; ; ;0;0; ; ; ; ;0;0; ; ; ; ;0;0;15:02:27;20/10/2022;1;11;11 GUANAJUATO;032;032 SAN JOSÉ ITURBIDE;1;4;6;2;05042016;1;24; ;1;NINGUNO;39;15:41:06;20/10/2022;1; ;24361,9524931545;1;111;1103200000017
2022_11032030;2022_11032030_04;9;46;560;586;09:20:46;23/10/2022;09:46:49;23/10/2022;26;1; ; ; ; ;0;0; ; ; ; ;0;0; ; ; ; ;0;0;09:20:46;23/10/2022;1;11;11 GUANAJUATO;032;032 SAN JOSÉ ITURBIDE;1;4;6;1;11092015;1;25; ;1; ;26;09:46:49;23/10/2022;1; ;40928,0843247047;1;111;1103200000017
2022_11037040;2022_11037040_03;13;53;766;833;12:46:09;26/09/2022;13:53:20;26/09/2022;67;1; ; ; ; ;0;0; ; ; ; ;0;0; ; ; ; ;0;0;12:46:09;26/09/2022;1;11;11 GUANAJUATO;037;037 SILAO DE LA VICTORIA;1;4;10;1;23012012;1;46; ;1;NINGUNO;67;13:53:20;26/09/2022;1; ;10039,865202173;1;111;1103700000136
2022_11042010;2022_11042010_06;16;14;941;974;15:41:10;10/10/2022;16:14:44;10/10/2022;33;1; ; ; ; ;0;0; ; ; ; ;0;0; ; ; ; ;0;0;15:41:10;10/10/2022;1;11;11 GUANAJUATO;042;042 VALLE DE SANTIAGO;1;4;11;2;09122010;1;32; ;1; ;33;16:14:44;10/10/2022;1; ;17180,794996097;1;111;1104200000070
2022_11042013;2022_11042013_08;20;2;1184;1202;19:44:53;10/10/2022;20:02:59;10/10/2022;18;1; ; ; ; ;0;0; ; ; ; ;0;0; ; ; ; ;0;0;19:44:53;10/10/2022;1;11;11 GUANAJUATO;042;042 VALLE DE SANTIAGO;1;4;5;1;07092017;1;30; ;3;UN POCO DUDOSAS SUS RESPUESTAS;18;20:02:59;10/10/2022;1; ;40948,1266792743;1;111;1104200000070
2022_12001125;2022_12001125_04;18;18;1072;1098;17:52:30;07/12/2022;18:18:32;07/12/2022;26;1; ; ; ; ;0;0; ; ; ; ;0;0; ; ; ; ;0;0;17:52:30;07/12/2022;1;12;12 GUERRERO;001;001 ACAPULCO DE JUÁREZ;1;7;6;1;24112015;1;22; ;1;NINGUNA;26;18:18:32;07/12/2022;1; ;45037,5766145273;1;121;1200100002045
2022_12051012;2022_12051012_05;14;39;844;879;14:04:50;05/12/2022;14:39:48;05/12/2022;35;1; ; ; ; ;0;0; ; ; ; ;0;0; ; ; ; ;0;0;14:04:50;05/12/2022;1;12;12 GUERRERO;051;051 QUECHULTENANGO;1;7;8;1;29072014;1;31; ;1;REPONDIO HERMANA Y PAPÁ QUIEN SON QUIEN LO CUIDAN;35;14:39:48;05/12/2022;1; ;26868,3860277193;1;121;1205100000229
2022_12051021;2022_12051021_03;12;32;719;752;11:59:36;04/12/2022;12:32:41;04/12/2022;33;1; ; ; ; ;0;0; ; ; ; ;0;0; ; ; ; ;0;0;11:59:36;04/12/2022;1;12;12 GUERRERO;051;051 QUECHULTENANGO;1;7;9;2;17042013;1;59; ;1;NINGÚNA;33;12:32:41;04/12/2022;1; ;34933,678832861;1;121;1205100000229
2022_12051034;2022_12051034_05;14;57;868;897;14:28:08;04/12/2022;14:57:07;04/12/2022;29;1; ; ; ; ;0;0; ; ; ; ;0;0; ; ; ; ;0;0;14:28:08;04/12/2022;1;12;12 GUERRERO;051;051 QUECHULTENANGO;1;7;11;2;26102010;1;48; ;2;NINGUNO;29;14:57:07;04/12/2022;1; ;72386,2819077217;1;121;1205100000229
2022_13027003;2022_13027003_05;14;18;820;858;13:40:29;10/12/2022;14:18:39;10/12/2022;38;1; ; ; ; ;0;0; ; ; ; ;0;0; ; ; ; ;0;0;13:40:29;10/12/2022;1;13;13 HIDALGO;027;027 HUEHUETLA;1;5;11;2;21052011;1;999,9; ;3; ;38;14:18:39;10/12/2022;1; ;85555,2692303998;1;131;130270000004A
2022_13027011;2022_13027011_05;14;0;791;840;13:11:20;10/12/2022;14:00:33;10/12/2022;49;1; ; ; ; ;0;0; ; ; ; ;0;0; ; ; ; ;0;0;13:11:20;10/12/2022;1;13;13 HIDALGO;027;027 HUEHUETLA;1;5;11;2;24062011;1;32; ;1; ;49;14:00:33;10/12/2022;1; ;85555,2692303998;1;131;130270000004A
2022_13046014;2022_13046014_03;17;44;1054;1064;17:34:37;06/12/2022;17:44:59;06/12/2022;10;1; ; ; ; ;0;0; ; ; ; ;0;0; ; ; ; ;0;0;17:34:37;06/12/2022;1;13;13 HIDALGO;046;046 SAN FELIPE ORIZATLÁN;1;5;9;1;08122012;1;32; ;1;NINGUNO;10;17:44:59;06/12/2022;1; ;19861,8425619818;2;132;1304600270257
2022_13051016;2022_13051016_04;20;5;1159;1205;19:19:44;08/12/2022;20:05:56;08/12/2022;46;1; ; ; ; ;0;0; ; ; ; ;0;0; ; ; ; ;0;0;19:19:44;08/12/2022;1;13;13 HIDALGO;051;051 MINERAL DE LA REFORMA;1;5;11;2;11062011;1;32; ;1;NINGUNO;46;20:05:56;08/12/2022;1; ;61907,3480683398;2;132;1305101482200
2022_13051028;2022_13051028_04;20;23;1210;1223;20:10:42;09/12/2022;20:23:55;09/12/2022;13;1; ; ; ; ;0;0; ; ; ; ;0;0; ; ; ; ;0;0;20:10:42;09/12/2022;1;13;13 HIDALGO;051;051 MINERAL DE LA REFORMA;1;5;11;1;01062011;1;28; ;1;NO;13;20:23:55;09/12/2022;1; ;69028,7200436074;2;132;1305101482200
2022_13057013;2022_13057013_05;15;19;895;919;14:55:02;10/12/2022;15:19:53;10/12/2022;24;1; ; ; ; ;0;0; ; ; ; ;0;0; ; ; ; ;0;0;14:55:02;10/12/2022;1;13;13 HIDALGO;057;057 SINGUILUCAN;1;5;7;2;08042015;1;27; ;1;NINGUNO;24;15:19:53;10/12/2022;1; ;84485,3373271668;1;131;1305700000049
2022_13057016;2022_13057016_03;15;8;893;908;14:53:05;11/12/2022;15:08:48;11/12/2022;15;1; ; ; ; ;0;0; ; ; ; ;0;0; ; ; ; ;0;0;14:53:05;11/12/2022;1;13;13 HIDALGO;057;057 SINGUILUCAN;1;5;9;2;10062013;1;29; ;1;NINGUNA;15;15:08:48;11/12/2022;1; ;84485,3373271668;1;131;1305700000049
2022_13057032;2022_13057032_04;15;9;895;909;14:55:48;10/12/2022;15:09:51;10/12/2022;14;1; ; ; ; ;0;0; ; ; ; ;0;0; ; ; ; ;0;0;14:55:48;10/12/2022;1;13;13 HIDALGO;057;057 SINGUILUCAN;1;5;5;2;20072017;1;32; ;1;NO;14;15:09:51;10/12/2022;1; ;218935,768500956;1;131;1305700000049
2022_13076005;2022_13076005_08;15;39;916;939;15:16:44;09/12/2022;15:39:54;09/12/2022;23;1; ; ; ; ;0;0; ; ; ; ;0;0; ; ; ; ;0;0;15:16:44;09/12/2022;1;13;13 HIDALGO;076;076 TULA DE ALLENDE;1;5;5;1;03052017;1;24; ;1; ;23;15:39:54;09/12/2022;1; ;53466,9505933918;2;132;1307600080468
2022_13076011;2022_13076011_03;18;49;1107;1129;18:27:36;08/12/2022;18:49:04;08/12/2022;22;1; ; ; ; ;0;0; ; ; ; ;0;0; ; ; ; ;0;0;18:27:36;08/12/2022;1;13;13 HIDALGO;076;076 TULA DE ALLENDE;1;5;7;2;13102015;1;0; ;1; ;22;18:49:04;08/12/2022;1; ;37995,9558562133;2;132;1307600080468
2022_13076022;2022_13076022_05;16;20;961;980;16:01:08;09/12/2022;16:20:59;09/12/2022;19;1; ; ; ; ;0;0; ; ; ; ;0;0; ; ; ; ;0;0;16:01:08;09/12/2022;1;13;13 HIDALGO;076;076 TULA DE ALLENDE;1;5;7;1;12032015;1;0; ;1; ;19;16:20:59;09/12/2022;1; ;52749,6089722011;2;132;1307600080468
2022_13076062;2022_13076062_03;16;37;957;997;15:57:56;10/12/2022;16:37:24;10/12/2022;40;1; ; ; ; ;0;0; ; ; ; ;0;0; ; ; ; ;0;0;15:57:56;10/12/2022;1;13;13 HIDALGO;076;076 TULA DE ALLENDE;1;5;10;1;23022012;1;28; ;1; ;40;16:37:24;10/12/2022;1; ;132520,586987335;1;131;1307600000025
2022_13077015;2022_13077015_03;18;42;1096;1122;18:16:13;04/12/2022;18:42:52;04/12/2022;26;1; ; ; ; ;0;0; ; ; ; ;0;0; ; ; ; ;0;0;18:16:13;04/12/2022;1;13;13 HIDALGO;077;077 TULANCINGO DE BRAVO;1;5;5;2;99999999;1;28; ;1; ;26;18:42:52;04/12/2022;1; ;79927,3299702124;3;133;1307700010022
2022_14097001;2022_14097001_04;19;27;1122;1167;18:42:45;10/12/2022;19:27:08;10/12/2022;45;1; ; ; ; ;0;0; ; ; ; ;0;0; ; ; ; ;0;0;18:42:45;10/12/2022;1;14;14 JALISCO;097;097 TLAJOMULCO DE ZÚÑIGA;1;3;10;1;11072012;1;23; ;1; ;45;19:27:08;10/12/2022;1; ;232906,766917886;2;142;1409700010195
2022_14097017;2022_14097017_04;19;19;1135;1159;18:42:42;10/12/2022;18:54:57;10/12/2022;12;8;18:55:07;10/12/2022;19:19:30;10/12/2022;24;1; ; ; ; ;0;0; ; ; ; ;0;0;18:42:42;10/12/2022;1;14;14 JALISCO;097;097 TLAJOMULCO DE ZÚÑIGA;1;3;10;2;22062012;1;30; ;1; ;36;19:19:30;10/12/2022;1; ;496852,783802349;2;142;1409700010195
2022_15025003;2022_15025003_04;21;13;1239;1273;20:39:35;19/09/2022;21:13:17;19/09/2022;34;1; ; ; ; ;0;0; ; ; ; ;0;0; ; ; ; ;0;0;20:39:35;19/09/2022;1;15;15 MÉXICO;025;025 CHALCO;1;6;9;1;31072013;1;28;999;1;NINGUNO;34;21:13:17;19/09/2022;1; ;148515,693616016;3;153;1502500012089
2022_15033020;2022_15033020_03;19;7;1126;1147;18:46:11;20/09/2022;19:07:17;20/09/2022;21;1; ; ; ; ;0;0; ; ; ; ;0;0; ; ; ; ;0;0;18:46:11;20/09/2022;1;15;15 MÉXICO;033;033 ECATEPEC DE MORELOS;1;6;9;1;04052013;1;35; ;1;NO;21;19:07:17;20/09/2022;1; ;79723,8264592904;3;153;1503300012790
2022_15106019;2022_15106019_06;17;19;1010;1039;16:50:14;27/09/2022;17:19:07;27/09/2022;29;1; ; ; ; ;0;0; ; ; ; ;0;0; ; ; ; ;0;0;16:50:14;27/09/2022;1;15;15 MÉXICO;106;106 TOLUCA;1;6;7;1;15122014;1;30; ;1;RESPUESTAS CONFIABLES;29;17:19:07;27/09/2022;1; ;62945,4799733689;2;152;1510600832727
2022_15115002;2022_15115002_03;18;52;1094;1132;17:50:59;26/09/2022;18:05:39;26/09/2022;15;4;18:14:49;26/09/2022;18:52:30;26/09/2022;38;1; ; ; ; ;0;0; ; ; ; ;0;0;17:50:59;26/09/2022;1;15;15 MÉXICO;115;115 XONACATLÁN;1;6;10;2;04112011;1;26; ;1; ;53;18:52:30;26/09/2022;1; ;94919,749803267;2;152;1511500010058
2022_15115025;2022_15115025_08;17;40;1013;1060;16:53:19;26/09/2022;17:40:55;26/09/2022;47;1; ; ; ; ;0;0; ; ; ; ;0;0; ; ; ; ;0;0;16:53:19;26/09/2022;1;15;15 MÉXICO;115;115 XONACATLÁN;1;6;9;2;21022013;1;24; ;1; ;47;17:40:55;26/09/2022;1; ;217708,210416534;2;152;1511500010058
2022_15115038;2022_15115038_05;22;33;1094;1353;18:14:13;25/09/2022;22:33:25;25/09/2022;259;1; ; ; ; ;0;0; ; ; ; ;0;0; ; ; ; ;0;0;18:14:13;25/09/2022;1;15;15 MÉXICO;115;115 XONACATLÁN;1;6;6;1;06042016;1;32; ;1; ;259;22:33:25;25/09/2022;1; ;122510,893986607;2;152;1511500010058
2022_15118016;2022_15118016_06;18;22;1069;1102;17:49:19;22/09/2022;18:22:32;22/09/2022;33;1; ; ; ; ;0;0; ; ; ; ;0;0; ; ; ; ;0;0;17:49:19;22/09/2022;1;15;15 MÉXICO;118;118 ZINACANTEPEC;1;6;6;1;06052016;1;28;24;1;NINGUNA;33;18:22:32;22/09/2022;1; ;177997,562099729;1;151;1511800000539
2022_15122001;2022_15122001_03;16;6;928;966;15:28:45;12/09/2022;16:06:10;12/09/2022;38;1; ; ; ; ;0;0; ; ; ; ;0;0; ; ; ; ;0;0;15:28:45;12/09/2022;1;15;15 MÉXICO;122;122 VALLE DE CHALCO SOLIDARIDAD;1;6;5;1;24072017;1;25; ;1;NINGUNO;38;16:06:10;12/09/2022;1; ;79529,7020580695;3;153;1512200011008
2022_15122003;2022_15122003_04;16;6;930;966;15:30:27;14/09/2022;16:06:00;14/09/2022;36;1; ; ; ; ;0;0; ; ; ; ;0;0; ; ; ; ;0;0;15:30:27;14/09/2022;1;15;15 MÉXICO;122;122 VALLE DE CHALCO SOLIDARIDAD;1;6;9;2;29032013;1;26; ;1; ;36;16:06:00;14/09/2022;1; ;129504,217824884;3;153;1512200011008
2022_16006023;2022_16006023_04;20;46;1227;1246;20:27:11;16/11/2022;20:46:40;16/11/2022;19;1; ; ; ; ;0;0; ; ; ; ;0;0; ; ; ; ;0;0;20:27:11;16/11/2022;1;16;16 MICHOACÁN DE OCAMPO;006;006 APATZINGÁN;1;3;10;2;30032012;1;27; ;1; ;19;20:46:40;16/11/2022;1; ;92498,6006486672;3;163;1600600010645
2022_16053005;2022_16053005_05;15;5;850;905;14:10:23;24/10/2022;15:05:47;24/10/2022;55;1; ; ; ; ;0;0; ; ; ; ;0;0; ; ; ; ;0;0;14:10:23;24/10/2022;1;16;16 MICHOACÁN DE OCAMPO;053;053 MORELIA;1;3;11;2;07072011;1;32;30;2;NINGUNO;55;15:05:47;24/10/2022;1; ;85432,6613177217;3;163;1605300010908
2022_16069027;2022_16069027_02;15;50;880;950;14:40:37;05/11/2022;15:50:01;05/11/2022;70;1; ; ; ; ;0;0; ; ; ; ;0;0; ; ; ; ;0;0;14:40:37;05/11/2022;1;16;16 MICHOACÁN DE OCAMPO;069;069 LA PIEDAD;1;3;7;1;12032015;1;26; ;1;POCO CONFIABLES;70;15:50:01;05/11/2022;1; ;205960,662051557;2;162;1606900010185
2022_16102004;2022_16102004_02;11;37;667;697;11:07:18;12/11/2022;11:37:01;12/11/2022;30;1; ; ; ; ;0;0; ; ; ; ;0;0; ; ; ; ;0;0;11:07:18;12/11/2022;1;16;16 MICHOACÁN DE OCAMPO;102;102 URUAPAN;1;3;5;1;29122016;1;26; ;1; ;30;11:37:01;12/11/2022;1; ;47300,6481130766;3;163;1610200012239
2022_16107017;2022_16107017_04;19;23;1099;1163;18:19:11;01/11/2022;19:23:21;01/11/2022;64;1; ; ; ; ;0;0; ; ; ; ;0;0; ; ; ; ;0;0;18:19:11;01/11/2022;1;16;16 MICHOACÁN DE OCAMPO;107;107 ZACAPU;1;3;6;1;26112015;1;38;20;1;NINGUNO;64;19:23:21;01/11/2022;1; ;87635,2106286309;1;161;1610700000031
2022_17018007;2022_17018007_03;12;47;737;767;12:17:04;02/10/2022;12:47:33;02/10/2022;30;1; ; ; ; ;0;0; ; ; ; ;0;0; ; ; ; ;0;0;12:17:04;02/10/2022;1;17;17 MORELOS;018;018 TEMIXCO;1;7;7;1;05112014;1;35; ;2;NO CONSUME VERDURAS NI FRUTAS;30;12:47:33;02/10/2022;1; ;23932,5395321772;3;173;1701800010299
2022_17028001;2022_17028001_05;13;52;799;832;13:19:29;17/10/2022;13:52:41;17/10/2022;33;1; ; ; ; ;0;0; ; ; ; ;0;0; ; ; ; ;0;0;13:19:29;17/10/2022;1;17;17 MORELOS;028;028 XOCHITEPEC;1;7;6;1;25072016;1;22; ;1;NINGUNO;33;13:52:41;17/10/2022;1; ;186434,854472557;2;172;1702801040011
2022_17029027;2022_17029027_02;17;37;1020;1057;17:00:28;21/09/2022;17:37:24;21/09/2022;37;1; ; ; ; ;0;0; ; ; ; ;0;0; ; ; ; ;0;0;17:00:28;21/09/2022;1;17;17 MORELOS;029;029 YAUTEPEC;1;7;5;1;19042017;1;22; ;1; ;37;17:37:24;21/09/2022;1; ;23475,5379027217;2;172;1702900030682
2022_18017062;2022_18017062_04;10;10;584;610;09:44:05;10/12/2022;10:10:06;10/12/2022;26;1; ; ; ; ;0;0; ; ; ; ;0;0; ; ; ; ;0;0;09:44:05;10/12/2022;1;18;18 NAYARIT;017;017 TEPIC;1;1;8;1;21122013;1;24; ;1;NINGUNO;26;10:10:06;10/12/2022;1; ;47151,3975578163;3;183;1801700011523
2022_19006025;2022_19006025_05;17;47;1051;1067;17:31:41;02/10/2022;17:47:47;02/10/2022;16;1; ; ; ; ;0;0; ; ; ; ;0;0; ; ; ; ;0;0;17:31:41;02/10/2022;1;19;19 NUEVO LEÓN;006;006 APODACA;1;2;9;1;29122012;1;26; ;1; ;16;17:47:47;02/10/2022;1; ;16924,9213678825;3;193;1900600010719
2022_19006141;2022_19006141_03;20;2;1165;1202;19:25:47;06/10/2022;20:02:49;06/10/2022;37;1; ; ; ; ;0;0; ; ; ; ;0;0; ; ; ; ;0;0;19:25:47;06/10/2022;1;19;19 NUEVO LEÓN;006;006 APODACA;1;2;11;2;11072011;1;24; ;1;NINGUNO;37;20:02:49;06/10/2022;1; ;30874,5810201937;2;192;1900601332541
2022_19009003;2022_19009003_02;17;29;1013;1049;16:53:57;30/10/2022;17:29:56;30/10/2022;36;1; ; ; ; ;0;0; ; ; ; ;0;0; ; ; ; ;0;0;16:53:57;30/10/2022;1;19;19 NUEVO LEÓN;009;009 CADEREYTA JIMÉNEZ;1;2;7;1;26062015;1;20; ;1; ;36;17:29:56;30/10/2022;1; ;19005,8812327558;2;192;1900900010481
2022_19009005;2022_19009005_04;15;33;900;933;15:00:47;30/10/2022;15:33:15;30/10/2022;33;1; ; ; ; ;0;0; ; ; ; ;0;0; ; ; ; ;0;0;15:00:47;30/10/2022;1;19;19 NUEVO LEÓN;009;009 CADEREYTA JIMÉNEZ;1;2;8;2;22042014;1;20;23;1; ;33;15:33:15;30/10/2022;1; ;19757,4457431635;2;192;1900900010481
2022_19009012;2022_19009012_05;21;6;1228;1266;20:28:27;31/10/2022;21:06:53;31/10/2022;38;1; ; ; ; ;0;0; ; ; ; ;0;0; ; ; ; ;0;0;20:28:27;31/10/2022;1;19;19 NUEVO LEÓN;009;009 CADEREYTA JIMÉNEZ;1;2;8;2;24082014;1;24; ;1; ;38;21:06:53;31/10/2022;1; ;18871,6343355753;2;192;1900900010481
2022_19012015;2022_19012015_04;12;55;727;775;12:07:53;12/09/2022;12:55:00;12/09/2022;48;1; ; ; ; ;0;0; ; ; ; ;0;0; ; ; ; ;0;0;12:07:53;12/09/2022;1;19;19 NUEVO LEÓN;012;012 CIÉNEGA DE FLORES;1;2;5;2;19012017;1;24; ;1; ;48;12:55:00;12/09/2022;1; ;18581,3014996434;2;192;1901200010082
2022_19018006;2022_19018006_05;18;43;1102;1123;18:22:55;22/10/2022;18:43:24;22/10/2022;21;1; ; ; ; ;0;0; ; ; ; ;0;0; ; ; ; ;0;0;18:22:55;22/10/2022;1;19;19 NUEVO LEÓN;018;018 GARCÍA;1;2;6;2;04102015;1;0; ;1; ;21;18:43:24;22/10/2022;1; ;24152,2779286781;3;193;1901800010546
2022_19018007;2022_19018007_05;9;14;522;554;08:42:08;22/10/2022;09:14:07;22/10/2022;32;1; ; ; ; ;0;0; ; ; ; ;0;0; ; ; ; ;0;0;08:42:08;22/10/2022;1;19;19 NUEVO LEÓN;018;018 GARCÍA;1;2;8;2;22122013;1;22;20;3;CAMBIO DE DIETA POR RESTRICCION DE ALIMENTOS POR ENFERMEDAD DEL HERMANO;32;09:14:07;22/10/2022;1; ;24152,2779286781;3;193;1901800010546
2022_19018029;2022_19018029_04;13;11;773;791;12:53:31;22/10/2022;13:11:43;22/10/2022;18;1; ; ; ; ;0;0; ; ; ; ;0;0; ; ; ; ;0;0;12:53:31;22/10/2022;1;19;19 NUEVO LEÓN;018;018 GARCÍA;1;2;6;2;11052016;1;0;0;1;RESPUESTA ERRÁTICAS Y CON ALGO DE PRISA DEBIDO A ACTIVIDADES QUE DEBE REALIZAR;18;13:11:43;22/10/2022;1; ;20839,725921099;3;193;1901800010546
2022_19021021;2022_19021021_06;14;52;867;892;14:27:06;15/10/2022;14:52:25;15/10/2022;25;1; ; ; ; ;0;0; ; ; ; ;0;0; ; ; ; ;0;0;14:27:06;15/10/2022;1;19;19 NUEVO LEÓN;021;021 GENERAL ESCOBEDO;1;2;7;1;25082015;1;26; ;1;NINGUNO;25;14:52:25;15/10/2022;1; ;15553,0014806331;3;193;190210001040A
2022_19021110;2022_19021110_05;12;30;714;750;11:54:05;14/09/2022;12:30:53;14/09/2022;36;1; ; ; ; ;0;0; ; ; ; ;0;0; ; ; ; ;0;0;11:54:05;14/09/2022;1;19;19 NUEVO LEÓN;021;021 GENERAL ESCOBEDO;1;2;7;2;15112014;1;25; ;1; ;36;12:30:53;14/09/2022;1; ;42251,3352440666;2;192;1902101530039
2022_19021120;2022_19021120_03;19;56;1163;1196;19:23:14;14/09/2022;19:56:12;14/09/2022;33;1; ; ; ; ;0;0; ; ; ; ;0;0; ; ; ; ;0;0;19:23:14;14/09/2022;1;19;19 NUEVO LEÓN;021;021 GENERAL ESCOBEDO;1;2;11;2;29062011;1;29; ;1;NINGUNO;33;19:56:12;14/09/2022;1; ;28281,7951158292;2;192;1902101530039
2022_19021146;2022_19021146_05;15;34;900;934;15:00:23;14/09/2022;15:34:28;14/09/2022;34;1; ; ; ; ;0;0; ; ; ; ;0;0; ; ; ; ;0;0;15:00:23;14/09/2022;1;19;19 NUEVO LEÓN;021;021 GENERAL ESCOBEDO;1;2;10;1;12062012;1;24;25;1; ;34;15:34:28;14/09/2022;1; ;14830,9826662137;2;192;1902101530039
2022_19026012;2022_19026012_04;13;37;779;817;12:59:33;29/09/2022;13:37:56;29/09/2022;38;1; ; ; ; ;0;0; ; ; ; ;0;0; ; ; ; ;0;0;12:59:33;29/09/2022;1;19;19 NUEVO LEÓN;026;026 GUADALUPE;1;2;8;2;06082014;1; ;19;1;NINGUNO;38;13:37:56;29/09/2022;1; ;46917,46522265;3;193;190260001011A
2022_19031033;2022_19031033_07;15;9;877;909;14:37:55;28/10/2022;15:09:10;28/10/2022;32;1; ; ; ; ;0;0; ; ; ; ;0;0; ; ; ; ;0;0;14:37:55;28/10/2022;1;19;19 NUEVO LEÓN;031;031 JUÁREZ;1;2;7;2;14082015;1;26;999;1;NINGUNO;32;15:09:10;28/10/2022;1; ;64375,3193380333;3;193;1903100010317
2022_19031089;2022_19031089_04;11;11;652;671;10:52:03;31/10/2022;11:11:33;31/10/2022;19;1; ; ; ; ;0;0; ; ; ; ;0;0; ; ; ; ;0;0;10:52:03;31/10/2022;1;19;19 NUEVO LEÓN;031;031 JUÁREZ;1;2;6;1;17092016;1;0;0;1; ;19;11:11:33;31/10/2022;1; ;17843,7783695895;3;193;1903100011620
2022_19032001;2022_19032001_04;14;4;809;844;13:29:16;05/11/2022;14:04:34;05/11/2022;35;1; ; ; ; ;0;0; ; ; ; ;0;0; ; ; ; ;0;0;13:29:16;05/11/2022;1;19;19 NUEVO LEÓN;032;032 LAMPAZOS DE NARANJO;1;2;11;1;13122010;1;24;30;2;NO ACOSTUMBRA A COMER TANTO DULCE PERO LE DIERON DE DIA DE MUERTOS;35;14:04:34;05/11/2022;1; ;15896,2626006736;2;192;1903200010422
2022_19032024;2022_19032024_03;19;42;1129;1182;18:49:17;06/11/2022;19:42:24;06/11/2022;53;1; ; ; ; ;0;0; ; ; ; ;0;0; ; ; ; ;0;0;18:49:17;06/11/2022;1;19;19 NUEVO LEÓN;032;032 LAMPAZOS DE NARANJO;1;2;11;2;04102011;1;22;60;1; ;53;19:42:24;06/11/2022;1; ;18108,4184080632;2;192;1903200010422
2022_19032025;2022_19032025_05;23;3;1357;1383;22:37:09;05/11/2022;23:03:55;05/11/2022;26;1; ; ; ; ;0;0; ; ; ; ;0;0; ; ; ; ;0;0;22:37:09;05/11/2022;1;19;19 NUEVO LEÓN;032;032 LAMPAZOS DE NARANJO;1;2;9;1;29062013;1;22; ;2; ;26;23:03:55;05/11/2022;1; ;15635,5414723804;2;192;1903200010422
2022_19039027;2022_19039027_06;15;14;855;914;14:15:50;01/09/2022;15:14:24;01/09/2022;59;1; ; ; ; ;0;0; ; ; ; ;0;0; ; ; ; ;0;0;14:15:50;01/09/2022;1;19;19 NUEVO LEÓN;039;039 MONTERREY;1;2;10;1;12052012;1;29;28;2;NINGUNO;59;15:14:24;01/09/2022;1; ;23032,1519983933;3;193;1903900010279
2022_19039070;2022_19039070_06;13;19;767;799;12:47:08;03/09/2022;13:19:21;03/09/2022;32;1; ; ; ; ;0;0; ; ; ; ;0;0; ; ; ; ;0;0;12:47:08;03/09/2022;1;19;19 NUEVO LEÓN;039;039 MONTERREY;1;2;7;1;24022015;1;22; ;1; ;32;13:19:21;03/09/2022;1; ;16339,6615693156;3;193;1903900010298
2022_19044014;2022_19044014_05;15;39;872;939;14:32:17;11/09/2022;15:39:31;11/09/2022;67;1; ; ; ; ;0;0; ; ; ; ;0;0; ; ; ; ;0;0;14:32:17;11/09/2022;1;19;19 NUEVO LEÓN;044;044 SABINAS HIDALGO;1;2;8;1;09082014;1;24;21;1; ;67;15:39:31;11/09/2022;1; ;11674,7710114416;2;192;1904400010264
2022_19046053;2022_19046053_07;17;2;1016;1022;16:43:48;13/10/2022;16:56:42;13/10/2022;13;2;16:56:49;13/10/2022;17:02:57;13/10/2022;6;1; ; ; ; ;0;0; ; ; ; ;0;0;16:43:48;13/10/2022;1;19;19 NUEVO LEÓN;046;046 SAN NICOLÁS DE LOS GARZA;1;2;6;1;16082016;1; ; ;1;NINGUNO;19;17:02:57;13/10/2022;1; ;34653,9025032673;3;193;1904600011002
2022_19048015;2022_19048015_04;19;57;1160;1197;19:20:52;24/10/2022;19:57:58;24/10/2022;37;1; ; ; ; ;0;0; ; ; ; ;0;0; ; ; ; ;0;0;19:20:52;24/10/2022;1;19;19 NUEVO LEÓN;048;048 SANTA CATARINA;1;2;10;2;31102011;1;22; ;1; ;37;19:57:58;24/10/2022;1; ;74996,7913890472;3;193;1904800010988
2022_20002013;2022_20002013_05;19;3;1121;1143;18:41:06;25/10/2022;19:03:19;25/10/2022;22;1; ; ; ; ;0;0; ; ; ; ;0;0; ; ; ; ;0;0;18:41:06;25/10/2022;1;20;20 OAXACA;002;002 ACATLÁN DE PÉREZ FIGUEROA;1;7;7;1;19072015;1;21; ;1;NINGUNO;22;19:03:19;25/10/2022;1; ;57981,0316573755;1;201;2000200000074
2022_20016009;2022_20016009_03;11;57;690;717;11:30:47;18/11/2022;11:57:08;18/11/2022;27;1; ; ; ; ;0;0; ; ; ; ;0;0; ; ; ; ;0;0;11:30:47;18/11/2022;1;20;20 OAXACA;016;016 COICOYÁN DE LAS FLORES;1;7;6;1;01022016;1;0;0;1;FUE MUY DIFIFIL PORQUE ES MIXTECA Y CONTESTO SOLA;27;11:57:08;18/11/2022;1; ;20653,5801338502;1;201;2001600000031
2022_20016025;2022_20016025_09;15;22;866;922;14:26:53;17/11/2022;15:22:27;17/11/2022;56;1; ; ; ; ;0;0; ; ; ; ;0;0; ; ; ; ;0;0;14:26:53;17/11/2022;1;20;20 OAXACA;016;016 COICOYÁN DE LAS FLORES;1;7;5;2;08032017;1;0; ;1;NO HABIA TORTILLA PARA PESAR;56;15:22:27;17/11/2022;1; ;45059,6574512921;1;201;2001600000031
2022_20039010;2022_20039010_03;14;27;840;867;14:00:09;28/10/2022;14:27:48;28/10/2022;27;1; ; ; ; ;0;0; ; ; ; ;0;0; ; ; ; ;0;0;14:00:09;28/10/2022;1;20;20 OAXACA;039;039 HEROICA CIUDAD DE HUAJUAPAN DE LEÓ;1;7;7;1;17062015;1;39; ;1;NINGUNA;27;14:27:48;28/10/2022;1; ;22047,2454991433;2;202;2003900010568
2022_20272014;2022_20272014_05;11;4;375;664;06:15:46;12/11/2022;11:04:50;12/11/2022;289;1; ; ; ; ;0;0; ; ; ; ;0;0; ; ; ; ;0;0;06:15:46;12/11/2022;1;20;20 OAXACA;272;272 SAN MIGUEL PANIXTLAHUACA;1;7;10;1;13022012;1;0; ;1;NO SE PUDO PESAR LA TORTILLA;289;11:04:50;12/11/2022;1; ;24606,2623785073;2;202;202720001007A
2022_20499011;2022_20499011_02;17;53;1030;1073;17:10:30;30/10/2022;17:53:53;30/10/2022;43;1; ; ; ; ;0;0; ; ; ; ;0;0; ; ; ; ;0;0;17:10:30;30/10/2022;1;20;20 OAXACA;499;499 SANTIAGO YOLOMÉCATL;1;7;10;1;16112011;1;53; ;1;NINGUNO;43;17:53:53;30/10/2022;1; ;209525,332287135;1;201;2049900000074
2022_20515012;2022_20515012_03;21;34;1257;1294;20:57:34;07/11/2022;21:34:38;07/11/2022;37;1; ; ; ; ;0;0; ; ; ; ;0;0; ; ; ; ;0;0;20:57:34;07/11/2022;1;20;20 OAXACA;515;515 SANTO DOMINGO TEHUANTEPEC;1;7;9;1;10052013;1;15; ;1;NINGUNA;37;21:34:38;07/11/2022;1; ;26543,3402737836;2;202;2051500010493
2022_21010001;2022_21010001_05;14;17;841;857;13:57:34;10/12/2022;13:59:55;10/12/2022;2;2;14:01:10;10/12/2022;14:17:52;10/12/2022;16;1; ; ; ; ;0;0; ; ; ; ;0;0;13:57:34;10/12/2022;1;21;21 PUEBLA;010;010 AJALPAN;1;7;11;1;13092011;1;0; ;2;NINGUNO;18;14:17:52;10/12/2022;1; ;425575,803048403;2;212;210100016009A
2022_21010007;2022_21010007_06;11;27;671;687;11:11:15;11/12/2022;11:27:46;11/12/2022;16;1; ; ; ; ;0;0; ; ; ; ;0;0; ; ; ; ;0;0;11:11:15;11/12/2022;1;21;21 PUEBLA;010;010 AJALPAN;1;7;7;2;99992015;1;0; ;1;NINGUNO;16;11:27:46;11/12/2022;1; ;182442,347417131;2;212;210100016009A
2022_21085022;2022_21085022_03;16;54;963;1014;16:03:22;12/12/2022;16:54:30;12/12/2022;51;1; ; ; ; ;0;0; ; ; ; ;0;0; ; ; ; ;0;0;16:03:22;12/12/2022;1;21;21 PUEBLA;085;085 IZÚCAR DE MATAMOROS;1;7;11;1;22022011;1;23; ;1;NINGUNO;51;16:54:30;12/12/2022;1; ;189946,436403696;2;212;2108500220550
2022_21212023;2022_21212023_04;18;31;1086;1111;18:06:52;10/12/2022;18:31:32;10/12/2022;25;1; ; ; ; ;0;0; ; ; ; ;0;0; ; ; ; ;0;0;18:06:52;10/12/2022;1;21;21 PUEBLA;212;212 ZAUTLA;1;7;6;2;06042016;1;29; ;1;NINGUNO;25;18:31:32;10/12/2022;1; ;118791,908213569;1;211;2121200000019
2022_22004006;2022_22004006_04;21;5;1246;1265;20:46:25;30/11/2022;21:05:44;30/11/2022;19;1; ; ; ; ;0;0; ; ; ; ;0;0; ; ; ; ;0;0;20:46:25;30/11/2022;1;22;22 QUERÉTARO;004;004 CADEREYTA DE MONTES;1;4;10;1;21082012;1;24; ;1; ;19;21:05:44;30/11/2022;1; ;46728,4413589231;1;221;2200400000241
2022_22004021;2022_22004021_03;19;23;1121;1163;18:41:26;29/11/2022;19:23:02;29/11/2022;42;1; ; ; ; ;0;0; ; ; ; ;0;0; ; ; ; ;0;0;18:41:26;29/11/2022;1;22;22 QUERÉTARO;004;004 CADEREYTA DE MONTES;1;4;9;1;22102013;1;27; ;1; ;42;19:23:02;29/11/2022;1; ;36895,6668161268;1;221;2200400000241
2022_22004028;2022_22004028_04;12;35;732;755;12:12:39;29/11/2022;12:35:44;29/11/2022;23;1; ; ; ; ;0;0; ; ; ; ;0;0; ; ; ; ;0;0;12:12:39;29/11/2022;1;22;22 QUERÉTARO;004;004 CADEREYTA DE MONTES;1;4;8;1;27112013;1;0; ;1; ;23;12:35:44;29/11/2022;1; ;36895,6668161268;1;221;2200400000241
2022_22012004;2022_22012004_04;17;5;988;1025;16:28:41;02/12/2022;17:05:42;02/12/2022;37;1; ; ; ; ;0;0; ; ; ; ;0;0; ; ; ; ;0;0;16:28:41;02/12/2022;1;22;22 QUERÉTARO;012;012 PEDRO ESCOBEDO;1;4;5;1;23042017;1;28; ;3; ;37;17:05:42;02/12/2022;1; ;24690,5091881266;2;222;2201200030328
2022_22012010;2022_22012010_04;19;23;1117;1163;18:37:25;02/12/2022;19:23:24;02/12/2022;46;1; ; ; ; ;0;0; ; ; ; ;0;0; ; ; ; ;0;0;18:37:25;02/12/2022;1;22;22 QUERÉTARO;012;012 PEDRO ESCOBEDO;1;4;10;1;20102012;1;24; ;1; ;46;19:23:24;02/12/2022;1; ;47069,664942758;2;222;2201200030328
2022_22012017;2022_22012017_05;15;16;892;916;14:52:08;02/12/2022;15:16:29;02/12/2022;24;1; ; ; ; ;0;0; ; ; ; ;0;0; ; ; ; ;0;0;14:52:08;02/12/2022;1;22;22 QUERÉTARO;012;012 PEDRO ESCOBEDO;1;4;6;1;25022016;1;26; ;1; ;24;15:16:29;02/12/2022;1; ;35520,2238932483;2;222;2201200030328
2022_23002056;2022_23002056_05;13;29;785;809;13:05:26;09/10/2022;13:29:37;09/10/2022;24;1; ; ; ; ;0;0; ; ; ; ;0;0; ; ; ; ;0;0;13:05:26;09/10/2022;1;23;23 QUINTANA ROO;002;002 FELIPE CARRILLO PUERTO;1;8;9;1;23072013;1;0; ;3;NO TUVO TORTILLAS PARA PESARLAS;24;13:29:37;09/10/2022;1; ;19819,7467677424;1;231;2300200000580
2022_23005083;2022_23005083_03;15;10;867;910;14:25:48;19/10/2022;14:26:16;19/10/2022;1;2;14:27:16;19/10/2022;15:10:28;19/10/2022;43;1; ; ; ; ;0;0; ; ; ; ;0;0;14:25:48;19/10/2022;1;23;23 QUINTANA ROO;005;005 BENITO JUÁREZ;1;8;9;1;20052013;1;24; ;1; ;44;15:10:28;19/10/2022;1; ;55697,4963492229;3;233;2300500012625
2022_23006016;2022_23006016_03;12;32;731;752;12:11:20;05/10/2022;12:32:02;05/10/2022;21;1; ; ; ; ;0;0; ; ; ; ;0;0; ; ; ; ;0;0;12:11:20;05/10/2022;1;23;23 QUINTANA ROO;006;006 JOSÉ MARÍA MORELOS;1;8;6;2;08092016;1;34; ;1; ;21;12:32:02;05/10/2022;1; ;15075,5611392098;1;231;2300600000240
2022_23008022;2022_23008022_04;16;13;940;973;15:40:32;12/10/2022;16:13:47;12/10/2022;33;1; ; ; ; ;0;0; ; ; ; ;0;0; ; ; ; ;0;0;15:40:32;12/10/2022;1;23;23 QUINTANA ROO;008;008 SOLIDARIDAD;1;8;6;1;30092015;1;18; ;3; ;33;16:13:47;12/10/2022;1; ;38659,871838079;3;233;2300800011239
2022_23008034;2022_23008034_03;22;2;1160;1322;19:20:09;11/10/2022;22:02:17;11/10/2022;162;1; ; ; ; ;0;0; ; ; ; ;0;0; ; ; ; ;0;0;19:20:09;11/10/2022;1;23;23 QUINTANA ROO;008;008 SOLIDARIDAD;1;8;7;2;28092014;1;26; ;3; ;162;22:02:17;11/10/2022;1; ;48789,0741996897;3;233;2300800012222
2022_23008043;2022_23008043_03;10;22;576;622;09:36:26;11/10/2022;10:22:02;11/10/2022;46;1; ; ; ; ;0;0; ; ; ; ;0;0; ; ; ; ;0;0;09:36:26;11/10/2022;1;23;23 QUINTANA ROO;008;008 SOLIDARIDAD;1;8;10;1;06042012;1;25; ;1; ;46;10:22:02;11/10/2022;1; ;20416,3202102503;3;233;2300800012222
2022_23008066;2022_23008066_05;10;46;618;646;10:18:06;14/10/2022;10:46:04;14/10/2022;28;1; ; ; ; ;0;0; ; ; ; ;0;0; ; ; ; ;0;0;10:18:06;14/10/2022;1;23;23 QUINTANA ROO;008;008 SOLIDARIDAD;1;8;6;1;28102015;1;24; ;1; ;28;10:46:04;14/10/2022;1; ;13861,2564359728;2;232;2300803081737
2022_24028002;2022_24028002_05;17;44;1033;1064;17:13:33;14/11/2022;17:44:42;14/11/2022;31;1; ; ; ; ;0;0; ; ; ; ;0;0; ; ; ; ;0;0;17:13:33;14/11/2022;1;24;24 SAN LUIS POTOSÍ;028;028 SAN LUIS POTOSÍ;1;4;8;2;04062014;1;24; ;1; ;31;17:44:42;14/11/2022;1; ;39585,6411950821;3;243;2402800011096
2022_24028072;2022_24028072_02;19;28;1143;1168;19:03:15;28/11/2022;19:28:52;28/11/2022;25;1; ; ; ; ;0;0; ; ; ; ;0;0; ; ; ; ;0;0;19:03:15;28/11/2022;1;24;24 SAN LUIS POTOSÍ;028;028 SAN LUIS POTOSÍ;1;4;11;2;05092012;1;26; ;1;NINGUNO;25;19:28:52;28/11/2022;1; ;31720,3439100642;3;243;2402800012427
2022_24028115;2022_24028115_05;21;44;1282;1304;21:22:33;27/11/2022;21:44:51;27/11/2022;22;1; ; ; ; ;0;0; ; ; ; ;0;0; ; ; ; ;0;0;21:22:33;27/11/2022;1;24;24 SAN LUIS POTOSÍ;028;028 SAN LUIS POTOSÍ;1;4;9;2;23042013;1;24; ;1;NINGUNO;22;21:44:51;27/11/2022;1; ;123263,456088033;3;243;2402800012925
2022_24028122;2022_24028122_04;17;47;1042;1067;17:22:08;11/11/2022;17:47:22;11/11/2022;25;1; ; ; ; ;0;0; ; ; ; ;0;0; ; ; ; ;0;0;17:22:08;11/11/2022;1;24;24 SAN LUIS POTOSÍ;028;028 SAN LUIS POTOSÍ;1;4;6;1;23122015;1;22; ;1; ;25;17:47:22;11/11/2022;1; ;37464,6030368372;2;242;2402802522770
2022_24035009;2022_24035009_04;14;1;826;841;13:46:24;26/11/2022;14:01:22;26/11/2022;15;1; ; ; ; ;0;0; ; ; ; ;0;0; ; ; ; ;0;0;13:46:24;26/11/2022;1;24;24 SAN LUIS POTOSÍ;035;035 SOLEDAD DE GRACIANO SÁNCHEZ;1;4;7;2;17022015;1;19; ;1;NO;15;14:01:22;26/11/2022;1; ;64801,2834118184;3;243;240350001050A
2022_24037012;2022_24037012_05;16;13;942;973;15:42:51;01/12/2022;16:13:36;01/12/2022;31;1; ; ; ; ;0;0; ; ; ; ;0;0; ; ; ; ;0;0;15:42:51;01/12/2022;1;24;24 SAN LUIS POTOSÍ;037;037 TAMAZUNCHALE;1;4;8;1;08052014;1;30; ;1;NINGUNO;31;16:13:36;01/12/2022;1; ;24062,7707968479;1;241;2403700000059
2022_24037029;2022_24037029_03;20;6;1192;1206;19:52:04;02/12/2022;20:06:18;02/12/2022;14;1; ; ; ; ;0;0; ; ; ; ;0;0; ; ; ; ;0;0;19:52:04;02/12/2022;1;24;24 SAN LUIS POTOSÍ;037;037 TAMAZUNCHALE;1;4;5;2;23072017;1;28; ;1;NINGUNO;14;20:06:18;02/12/2022;1; ;17274,7980270512;1;241;2403700000059
2022_24052004;2022_24052004_02;17;59;1059;1079;17:39:50;29/11/2022;17:59:56;29/11/2022;20;1; ; ; ; ;0;0; ; ; ; ;0;0; ; ; ; ;0;0;17:39:50;29/11/2022;1;24;24 SAN LUIS POTOSÍ;052;052 VILLA JUÁREZ;1;4;10;2;25032012;1;22; ;1;NO;20;17:59:56;29/11/2022;1; ;80079,0241774983;2;242;2405200010125
2022_25006079;2022_25006079_04;20;30;1229;1230;15:07:54;25/11/2022;15:18:34;25/11/2022;11;2;20:29:53;27/11/2022;20:30:28;27/11/2022;1;1; ; ; ; ;0;0; ; ; ; ;0;0;15:07:54;25/11/2022;1;25;25 SINALOA;006;006 CULIACÁN;1;1;6;1;27042016;1;23; ;1; ;12;20:30:28;27/11/2022;1; ;32045,1803682837;3;253;2500600016874
2022_25006111;2022_25006111_05;21;29;1259;1289;20:59:57;28/11/2022;21:29:22;28/11/2022;30;1; ; ; ; ;0;0; ; ; ; ;0;0; ; ; ; ;0;0;20:59:57;28/11/2022;1;25;25 SINALOA;006;006 CULIACÁN;1;1;10;2;29122011;1;28;0;1; ;30;21:29:22;28/11/2022;1; ;20429,939336767;2;252;2500603124168
2022_26019015;2022_26019015_04;15;5;871;905;14:31:19;05/11/2022;15:05:17;05/11/2022;34;1; ; ; ; ;0;0; ; ; ; ;0;0; ; ; ; ;0;0;14:31:19;05/11/2022;1;26;26 SONORA;019;019 CANANEA;1;1;7;2;14102014;1;21;30;1;NINGUNO;34;15:05:17;05/11/2022;1; ;55999,3643168069;2;262;2601900010685
2022_26019035;2022_26019035_04;21;6;1266;1266;17:42:26;05/11/2022;17:55:18;05/11/2022;13;2;21:06:13;05/11/2022;21:06:39;05/11/2022;0;1; ; ; ; ;0;0; ; ; ; ;0;0;17:42:26;05/11/2022;1;26;26 SONORA;019;019 CANANEA;1;1;6;1;26092016;1; ;39;1; ;13;21:06:39;05/11/2022;1; ;35136,0862702323;2;262;2601900010685
2022_26030003;2022_26030003_04;17;51;1039;1071;17:19:08;25/10/2022;17:51:28;25/10/2022;32;1; ; ; ; ;0;0; ; ; ; ;0;0; ; ; ; ;0;0;17:19:08;25/10/2022;1;26;26 SONORA;030;030 HERMOSILLO;1;1;6;2;24022016;1; ;35;1;NINGUNO;32;17:51:28;25/10/2022;1; ;43018,3013956187;3;263;2603000010502
2022_26030094;2022_26030094_04;9;21;541;561;09:01:57;25/10/2022;09:21:39;25/10/2022;20;1; ; ; ; ;0;0; ; ; ; ;0;0; ; ; ; ;0;0;09:01:57;25/10/2022;1;26;26 SONORA;030;030 HERMOSILLO;1;1;8;2;07032014;1;28; ;1; ;20;09:21:39;25/10/2022;1; ;116392,509063991;3;263;2603000013066
2022_26043017;2022_26043017_03;13;45;800;825;13:20:17;07/11/2022;13:45:37;07/11/2022;25;1; ; ; ; ;0;0; ; ; ; ;0;0; ; ; ; ;0;0;13:20:17;07/11/2022;1;26;26 SONORA;043;043 NOGALES;1;1;8;2;07012014;1; ; ;1; ;25;13:45:37;07/11/2022;1; ;143180,029811742;3;263;2604300010854
2022_26047032;2022_26047032_03;10;43;622;643;10:22:30;03/11/2022;10:43:58;03/11/2022;21;1; ; ; ; ;0;0; ; ; ; ;0;0; ; ; ; ;0;0;10:22:30;03/11/2022;1;26;26 SONORA;047;047 PITIQUITO;1;1;10;2;14032012;1;28;38;1; ;21;10:43:58;03/11/2022;1; ;67483,9116890692;1;261;2604700001156
2022_27002029;2022_27002029_03;19;41;1159;1181;19:19:16;15/10/2022;19:41:40;15/10/2022;22;1; ; ; ; ;0;0; ; ; ; ;0;0; ; ; ; ;0;0;19:19:16;15/10/2022;1;27;27 TABASCO;002;002 CÁRDENAS;1;8;7;1;03032015;1;21; ;1;NINGUNO;22;19:41:40;15/10/2022;1; ;18557,387157066;2;272;2700200010998
2022_27008005;2022_27008005_03;16;10;933;970;15:33:23;01/10/2022;16:10:10;01/10/2022;37;1; ; ; ; ;0;0; ; ; ; ;0;0; ; ; ; ;0;0;15:33:23;01/10/2022;1;27;27 TABASCO;008;008 HUIMANGUILLO;1;8;5;2;19092016;1;0; ;1; ;37;16:10:10;01/10/2022;1; ;24960,6153054144;2;272;2700800010559
2022_27008016;2022_27008016_03;20;11;1181;1211;19:41:05;01/10/2022;20:11:14;01/10/2022;30;1; ; ; ; ;0;0; ; ; ; ;0;0; ; ; ; ;0;0;19:41:05;01/10/2022;1;27;27 TABASCO;008;008 HUIMANGUILLO;1;8;8;1;10092013;1;28; ;1;SINDROME DE DOWN, NO COME MUCHAS COSAS;30;20:11:14;01/10/2022;1; ;31005,7677833461;2;272;2700800010559
2022_27010007;2022_27010007_04;15;58;934;958;15:34:19;06/10/2022;15:58:36;06/10/2022;24;1; ; ; ; ;0;0; ; ; ; ;0;0; ; ; ; ;0;0;15:34:19;06/10/2022;1;27;27 TABASCO;010;010 JALPA DE MÉNDEZ;1;8;11;1;13052011;1;21; ;1;MENCIONAN QUE CUENTSN CON RECURSOS PARA ALIMENTOS;24;15:58:36;06/10/2022;1; ;36396,2462399514;1;271;2701000000044
2022_27010023;2022_27010023_05;17;51;1044;1071;17:24:10;06/10/2022;17:51:57;06/10/2022;27;1; ; ; ; ;0;0; ; ; ; ;0;0; ; ; ; ;0;0;17:24:10;06/10/2022;1;27;27 TABASCO;010;010 JALPA DE MÉNDEZ;1;8;7;1;30122014;1;18; ;1; ;27;17:51:57;06/10/2022;1; ;102337,641076977;1;271;2701000000044
2022_27010028;2022_27010028_02;18;31;1082;1111;18:02:21;07/10/2022;18:31:32;07/10/2022;29;1; ; ; ; ;0;0; ; ; ; ;0;0; ; ; ; ;0;0;18:02:21;07/10/2022;1;27;27 TABASCO;010;010 JALPA DE MÉNDEZ;1;8;7;1;12062015;1;18; ;3;NINGUNO;29;18:31:32;07/10/2022;1; ;34112,5470256589;1;271;2701000000044
2022_28018008;2022_28018008_04;17;42;1026;1062;17:06:57;16/11/2022;17:42:00;16/11/2022;36;1; ; ; ; ;0;0; ; ; ; ;0;0; ; ; ; ;0;0;17:06:57;16/11/2022;1;28;28 TAMAULIPAS;018;018 JIMÉNEZ;1;2;9;1;24092013;1;24;23;1; ;36;17:42:00;16/11/2022;1; ;158455,484399802;2;282;2801800010206
2022_28027005;2022_28027005_05;18;44;1095;1124;18:15:39;10/11/2022;18:44:19;10/11/2022;29;1; ; ; ; ;0;0; ; ; ; ;0;0; ; ; ; ;0;0;18:15:39;10/11/2022;1;28;28 TAMAULIPAS;027;027 NUEVO LAREDO;1;2;6;2;12102015;1;22;30;2;HUBO FIESTA Y COMIÓ MAS DULCE DE LO NORMAL;29;18:44:19;10/11/2022;1; ;164146,333784815;3;283;2802700010012
2022_28032026;2022_28032026_03;14;45;856;885;14:16:24;12/11/2022;14:45:40;12/11/2022;29;1; ; ; ; ;0;0; ; ; ; ;0;0; ; ; ; ;0;0;14:16:24;12/11/2022;1;28;28 TAMAULIPAS;032;032 REYNOSA;1;2;6;1;18052016;1;32; ;2; ;29;14:45:40;12/11/2022;1; ;97558,8109160781;3;283;2803200014049
2022_28038010;2022_28038010_05;13;18;763;798;12:43:37;28/11/2022;13:18:29;28/11/2022;35;1; ; ; ; ;0;0; ; ; ; ;0;0; ; ; ; ;0;0;12:43:37;28/11/2022;1;28;28 TAMAULIPAS;038;038 TAMPICO;1;2;6;2;29032016;1;20; ;1; ;35;13:18:29;28/11/2022;1; ;40284,7710692685;3;283;2803800010942
2022_28038028;2022_28038028_04;14;56;862;896;14:22:42;28/11/2022;14:56:37;28/11/2022;34;1; ; ; ; ;0;0; ; ; ; ;0;0; ; ; ; ;0;0;14:22:42;28/11/2022;1;28;28 TAMAULIPAS;038;038 TAMPICO;1;2;10;2;29062012;1;24; ;2;SE DESPARASITÓ Y COMENTA QUE LE DIO MAS HAMBRE;34;14:56:37;28/11/2022;1; ;48789,1023318066;3;283;2803800010942
2022_28041028;2022_28041028_06;17;8;996;1028;16:36:04;19/11/2022;17:08:24;19/11/2022;32;1; ; ; ; ;0;0; ; ; ; ;0;0; ; ; ; ;0;0;16:36:04;19/11/2022;1;28;28 TAMAULIPAS;041;041 VICTORIA;1;2;6;2;05112015;1;22;46;1; ;32;17:08:24;19/11/2022;1; ;90227,3033472615;3;283;2804100011081
2022_29007021;2022_29007021_03;20;19;1201;1219;20:01:22;06/12/2022;20:19:33;06/12/2022;18;1; ; ; ; ;0;0; ; ; ; ;0;0; ; ; ; ;0;0;20:01:22;06/12/2022;1;29;29 TLAXCALA;007;007 EL CARMEN TEQUEXQUITLA;1;5;5;1;18112016;1;37; ;1; ;18;20:19:33;06/12/2022;1; ;18913,9921745866;2;292;2900700010071
2022_29043023;2022_29043023_06;15;25;903;925;15:03:50;01/12/2022;15:25:29;01/12/2022;22;1; ; ; ; ;0;0; ; ; ; ;0;0; ; ; ; ;0;0;15:03:50;01/12/2022;1;29;29 TLAXCALA;043;043 YAUHQUEMEHCAN;1;5;5;2;17052017;1;37; ;1;NINGUNO;22;15:25:29;01/12/2022;1; ;54503,3473282688;2;292;2904300110241
2022_29058027;2022_29058027_04;21;11;1237;1271;20:37:30;08/12/2022;21:11:04;08/12/2022;34;1; ; ; ; ;0;0; ; ; ; ;0;0; ; ; ; ;0;0;20:37:30;08/12/2022;1;29;29 TLAXCALA;058;058 SANTA CATARINA AYOMETLA;1;5;6;2;08052016;1;43; ;1;NINGUNO;34;21:11:04;08/12/2022;1; ;69972,5062425962;2;292;2905800010032
2022_30033002;2022_30033002_03;15;16;880;916;14:40:00;06/12/2022;15:16:47;06/12/2022;36;1; ; ; ; ;0;0; ; ; ; ;0;0; ; ; ; ;0;0;14:40:00;06/12/2022;1;30;30 VERACRUZ DE IGNACIO DE LA LLAVE;033;033 CAZONES DE HERRERA;1;5;10;2;25122011;1;48; ;1; ;36;15:16:47;06/12/2022;1; ;82571,5637532703;1;301;3003300000017
2022_30033015;2022_30033015_04;17;1;997;1021;16:37:02;05/12/2022;17:01:12;05/12/2022;24;1; ; ; ; ;0;0; ; ; ; ;0;0; ; ; ; ;0;0;16:37:02;05/12/2022;1;30;30 VERACRUZ DE IGNACIO DE LA LLAVE;033;033 CAZONES DE HERRERA;1;5;7;1;22122014;1;22; ;1; ;24;17:01:12;05/12/2022;1; ;65262,7425179842;1;301;3003300000017
2022_30033029;2022_30033029_03;13;18;757;798;12:37:48;05/12/2022;13:18:15;05/12/2022;41;1; ; ; ; ;0;0; ; ; ; ;0;0; ; ; ; ;0;0;12:37:48;05/12/2022;1;30;30 VERACRUZ DE IGNACIO DE LA LLAVE;033;033 CAZONES DE HERRERA;1;5;7;2;03112014;1;26; ;1; ;41;13:18:15;05/12/2022;1; ;153425,830032526;1;301;3003300000017
2022_30039003;2022_30039003_05;11;8;647;668;10:47:47;01/12/2022;11:08:28;01/12/2022;21;1; ; ; ; ;0;0; ; ; ; ;0;0; ; ; ; ;0;0;10:47:47;01/12/2022;1;30;30 VERACRUZ DE IGNACIO DE LA LLAVE;039;039 COATZACOALCOS;1;5;6;1;17082016;1;19; ;2; ;21;11:08:28;01/12/2022;1; ;353976,969725979;2;302;3003901782021
2022_30039012;2022_30039012_03;13;51;814;831;13:34:39;01/12/2022;13:51:12;01/12/2022;17;1; ; ; ; ;0;0; ; ; ; ;0;0; ; ; ; ;0;0;13:34:39;01/12/2022;1;30;30 VERACRUZ DE IGNACIO DE LA LLAVE;039;039 COATZACOALCOS;1;5;9;1;12092013;1;15; ;1; ;17;13:51:12;01/12/2022;1; ;635222,101962587;2;302;3003901782021
2022_30124010;2022_30124010_02;22;11;1303;1331;21:43:51;09/12/2022;22:11:43;09/12/2022;28;1; ; ; ; ;0;0; ; ; ; ;0;0; ; ; ; ;0;0;21:43:51;09/12/2022;1;30;30 VERACRUZ DE IGNACIO DE LA LLAVE;124;124 PAPANTLA;1;5;10;2;02012012;1;999,9; ;1; ;28;22:11:43;09/12/2022;1; ;205939,875340925;1;301;3012400000367
2022_30159029;2022_30159029_04;16;44;989;1004;16:29:50;09/12/2022;16:44:18;09/12/2022;15;1; ; ; ; ;0;0; ; ; ; ;0;0; ; ; ; ;0;0;16:29:50;09/12/2022;1;30;30 VERACRUZ DE IGNACIO DE LA LLAVE;159;159 TEHUIPANGO;1;5;5;2;29102017;1;999; ;1; ;15;16:44:18;09/12/2022;1; ;290685,681347583;1;301;3015900000019
2022_30167019;2022_30167019_06;19;59;1179;1199;19:39:15;03/12/2022;19:59:04;03/12/2022;20;1; ; ; ; ;0;0; ; ; ; ;0;0; ; ; ; ;0;0;19:39:15;03/12/2022;1;30;30 VERACRUZ DE IGNACIO DE LA LLAVE;167;167 TEPETZINTLA;1;5;7;2;22052015;1;24; ;1; ;20;19:59:04;03/12/2022;1; ;172171,945455704;2;302;3016700010171
2022_31041011;2022_31041011_03;14;0;820;840;13:40:56;28/10/2022;14:00:13;28/10/2022;20;1; ; ; ; ;0;0; ; ; ; ;0;0; ; ; ; ;0;0;13:40:56;28/10/2022;1;31;31 YUCATÁN;041;041 KANASÍN;1;8;11;1;15092011;1;28; ;1; ;20;14:00:13;28/10/2022;1; ;20414,7896022107;3;313;3104100010865
2022_31041014;2022_31041014_07;17;8;1012;1028;16:52:42;28/10/2022;17:08:36;28/10/2022;16;1; ; ; ; ;0;0; ; ; ; ;0;0; ; ; ; ;0;0;16:52:42;28/10/2022;1;31;31 YUCATÁN;041;041 KANASÍN;1;8;5;1;03062017;1;28; ;1; ;16;17:08:36;28/10/2022;1; ;24449,9865780411;3;313;3104100010865
2022_31050056;2022_31050056_04;21;10;1228;1270;20:28:46;27/10/2022;21:10:46;27/10/2022;42;1; ; ; ; ;0;0; ; ; ; ;0;0; ; ; ; ;0;0;20:28:46;27/10/2022;1;31;31 YUCATÁN;050;050 MÉRIDA;1;8;9;2;09042013;1;22; ;2; ;42;21:10:46;27/10/2022;1; ;56390,8391529544;3;313;3105000013040
2022_31050107;2022_31050107_03;11;57;682;717;11:22:04;30/10/2022;11:57:46;30/10/2022;35;1; ; ; ; ;0;0; ; ; ; ;0;0; ; ; ; ;0;0;11:22:04;30/10/2022;1;31;31 YUCATÁN;050;050 MÉRIDA;1;8;9;1;12112012;1;12;20;1; ;35;11:57:46;30/10/2022;1; ;35916,6055935493;3;313;310500001516A
2022_31050110;2022_31050110_06;12;54;756;774;12:36:13;30/10/2022;12:54:20;30/10/2022;18;1; ; ; ; ;0;0; ; ; ; ;0;0; ; ; ; ;0;0;12:36:13;30/10/2022;1;31;31 YUCATÁN;050;050 MÉRIDA;1;8;6;1;07102015;1;15; ;1; ;18;12:54:20;30/10/2022;1; ;71833,2111870985;3;313;310500001516A
2022_31050119;2022_31050119_03;14;56;856;896;14:16:36;29/10/2022;14:56:12;29/10/2022;40;1; ; ; ; ;0;0; ; ; ; ;0;0; ; ; ; ;0;0;14:16:36;29/10/2022;1;31;31 YUCATÁN;050;050 MÉRIDA;1;8;5;2;03032017;1;20;25;1; ;40;14:56:12;29/10/2022;1; ;32138,4788551299;3;313;310500001516A
2022_31052009;2022_31052009_04;19;47;1160;1187;19:20:46;01/11/2022;19:47:28;01/11/2022;27;1; ; ; ; ;0;0; ; ; ; ;0;0; ; ; ; ;0;0;19:20:46;01/11/2022;1;31;31 YUCATÁN;052;052 MOTUL;1;8;9;1;10092013;1;18;0;3;NO HUBO TORTILLA DE HARINA DE TRIGO PARA PODER PESARLA;27;19:47:28;01/11/2022;1; ;20880,3412782087;1;311;3105200000110
2022_31098004;2022_31098004_04;13;54;771;834;12:38:01;11/11/2022;12:38:32;11/11/2022;0;2;12:51:34;11/11/2022;13:54:04;11/11/2022;63;1; ; ; ; ;0;0; ; ; ; ;0;0;12:38:01;11/11/2022;1;31;31 YUCATÁN;098;098 TZUCACAB;1;8;9;2;14122012;1;14; ;1; ;63;13:54:04;11/11/2022;1; ;21198,5650193248;2;312;3109800010105
2022_31098022;2022_31098022_09;10;3;578;603;09:38:15;13/11/2022;10:03:50;13/11/2022;25;1; ; ; ; ;0;0; ; ; ; ;0;0; ; ; ; ;0;0;09:38:15;13/11/2022;1;31;31 YUCATÁN;098;098 TZUCACAB;1;8;6;2;02072016;1;12; ;1; ;25;10:03:50;13/11/2022;1; ;25682,8768503358;2;312;3109800010105
2022_31098026;2022_31098026_04;15;40;897;940;14:57:41;11/11/2022;15:40:41;11/11/2022;43;1; ; ; ; ;0;0; ; ; ; ;0;0; ; ; ; ;0;0;14:57:41;11/11/2022;1;31;31 YUCATÁN;098;098 TZUCACAB;1;8;11;1;01012011;1;12; ;1; ;43;15:40:41;11/11/2022;1; ;19406,6107757998;2;312;3109800010105
2022_31101015;2022_31101015_07;12;30;724;750;11:56:10;06/11/2022;12:04:34;06/11/2022;8;2;12:04:40;06/11/2022;12:30:12;06/11/2022;26;1; ; ; ; ;0;0; ; ; ; ;0;0;11:56:10;06/11/2022;1;31;31 YUCATÁN;101;101 UMÁN;1;8;9;1;11022013;1;20; ;1; ;34;12:30:12;06/11/2022;1; ;37331,5188702063;1;311;3110100000140
2022_32017042;2022_32017042_04;13;13;793;793;12:47:42;09/11/2022;13:01:19;09/11/2022;14;2;13:13:07;09/11/2022;13:13:23;09/11/2022;0;1; ; ; ; ;0;0; ; ; ; ;0;0;12:47:42;09/11/2022;1;32;32 ZACATECAS;017;017 GUADALUPE;1;4;6;2;07032016;1;29; ;1;NO;14;13:13:23;09/11/2022;1; ;53508,2097966216;3;323;3201700012220
2022_32040014;2022_32040014_06;17;52;1063;1072;17:32:53;04/11/2022;17:41:08;04/11/2022;9;2;17:43:06;04/11/2022;17:52:39;04/11/2022;9;1; ; ; ; ;0;0; ; ; ; ;0;0;17:32:53;04/11/2022;1;32;32 ZACATECAS;040;040 SAIN ALTO;1;4;6;1;31072016;1;30; ;1;NO;18;17:52:39;04/11/2022;1; ;18860,930986084;1;321;3204000000097
2022_32040023;2022_32040023_06;18;52;1104;1132;18:24:38;04/11/2022;18:52:29;04/11/2022;28;1; ; ; ; ;0;0; ; ; ; ;0;0; ; ; ; ;0;0;18:24:38;04/11/2022;1;32;32 ZACATECAS;040;040 SAIN ALTO;1;4;8;2;26062014;1;26; ;1;NINGUNO;28;18:52:29;04/11/2022;1; ;107186,764258335;1;321;3204000000097
2022_32052015;2022_32052015_07;18;39;1106;1119;18:26:36;15/11/2022;18:39:42;15/11/2022;13;1; ; ; ; ;0;0; ; ; ; ;0;0; ; ; ; ;0;0;18:26:36;15/11/2022;1;32;32 ZACATECAS;052;052 VILLA GARCÍA;1;4;8;1;13062014;1;28; ;1;NINGUNO;13;18:39:42;15/11/2022;1; ;9321,86047406908;1;321;3205200000026
2022_32052029;2022_32052029_03;17;51;1029;1071;17:09:20;14/11/2022;17:51:33;14/11/2022;42;1; ; ; ; ;0;0; ; ; ; ;0;0; ; ; ; ;0;0;17:09:20;14/11/2022;1;32;32 ZACATECAS;052;052 VILLA GARCÍA;1;4;10;2;20052012;1;27; ;1;NINGUNO;42;17:51:33;14/11/2022;1; ;8363,37456591063;1;321;3205200000026
2022_32053001;2022_32053001_05;13;16;795;796;12:39:03;20/11/2022;12:58:12;20/11/2022;19;2;13:15:21;20/11/2022;13:16:01;20/11/2022;1;1; ; ; ; ;0;0; ; ; ; ;0;0;12:39:03;20/11/2022;1;32;32 ZACATECAS;053;053 VILLA GONZÁLEZ ORTEGA;1;4;7;2;11042015;1;33; ;1;NO;20;13:16:01;20/11/2022;1; ;62074,0497982899;2;322;3205300010343
2022_32053003;2022_32053003_03;14;51;875;891;14:35:28;19/11/2022;14:51:01;19/11/2022;16;1; ; ; ; ;0;0; ; ; ; ;0;0; ; ; ; ;0;0;14:35:28;19/11/2022;1;32;32 ZACATECAS;053;053 VILLA GONZÁLEZ ORTEGA;1;4;8;1;28052014;1;31; ;1;NO;16;14:51:01;19/11/2022;1; ;19032,4877265304;2;322;3205300010343
2022_32053008;2022_32053008_02;19;22;1140;1162;19:00:47;20/11/2022;19:22:46;20/11/2022;22;1; ; ; ; ;0;0; ; ; ; ;0;0; ; ; ; ;0;0;19:00:47;20/11/2022;1;32;32 ZACATECAS;053;053 VILLA GONZÁLEZ ORTEGA;1;4;7;1;30052015;1;27; ;1;NINGUNO;22;19:22:46;20/11/2022;1; ;23924,8968522671;2;322;3205300010343
