edad;ponderador;resultado_general_entrevista;balance_dqi;moderation_dqi;variety_dqi;dqi_food_groups;dqi_protein_sources;dqi_adecuacy;dqi_total;region;estrato;sexo;edad_rango
51;0.00012244312577679994;1;0;18;17;12;5;32;67;Centro Norte;Rural  ( <2500 Hab );Mujer;50 - 65
26;0.0007230293728685081;1;0;9;17;12;5;32;58;Centro Norte;Rural  ( <2500 Hab );Mujer;25 - 34
62;9.877516214181139e-05;1;0;9;20;15;5;31;60;Centro Norte;Rural  ( <2500 Hab );Mujer;50 - 65
33;0.00038451200690094075;1;0;9;14;9;5;22;45;Centro Norte;Rural  ( <2500 Hab );Mujer;25 - 34
60;0.00022225312167276613;1;0;3;20;15;5;37;60;Centro Norte;Rural  ( <2500 Hab );Mujer;50 - 65
45;0.0005978607128510734;1;0;12;9;6;3;25;46;Centro Norte;Rural  ( <2500 Hab );Hombre;35 - 49
23;0.0005779264156009585;1;0;18;7;6;1;21;46;Centro Norte;Rural  ( <2500 Hab );Mujer;18 - 24
49;0.00022936395301092599;1;0;6;17;12;5;31;54;Centro Norte;Rural  ( <2500 Hab );Mujer;35 - 49
43;0.001922513836887573;1;0;12;9;6;3;31;52;Centro Norte;Rural  ( <2500 Hab );Mujer;35 - 49
57;0.00022479302065689402;1;0;9;17;12;5;30;56;Centro Norte;Rural  ( <2500 Hab );Mujer;50 - 65
19;0.0002843463738172599;1;0;15;14;9;5;18;47;Centro Norte;Rural  ( <2500 Hab );Mujer;18 - 24
20;0.00018748715887824765;1;2;15;20;15;5;31;68;Centro Norte;Rural  ( <2500 Hab );Mujer;18 - 24
47;0.00020861730392629448;1;0;18;4;3;1;12;34;Centro Norte;Rural  ( <2500 Hab );Mujer;35 - 49
27;0.0013995110663071984;1;0;9;11;6;5;19;39;Centro Norte;Urbano ( 2500-99,999 Hab);Mujer;25 - 34
21;0.000910163986010506;1;0;12;17;12;5;29;58;Centro Norte;Urbano ( 2500-99,999 Hab);Mujer;18 - 24
61;0.00028296432119832957;1;4;18;6;6;0;18;46;Centro Norte;Rural  ( <2500 Hab );Mujer;50 - 65
42;0.00021185857317426664;1;0;18;9;6;3;21;48;Centro Norte;Rural  ( <2500 Hab );Mujer;35 - 49
32;0.003026432981690944;1;0;18;1;0;1;11;30;Pacifico-Norte;Rural  ( <2500 Hab );Mujer;25 - 34
38;0.000824220046077534;1;0;15;17;12;5;19;51;Pacifico-Norte;Rural  ( <2500 Hab );Mujer;35 - 49
49;0.0008257104534273375;1;0;15;17;12;5;19;51;Pacifico-Norte;Rural  ( <2500 Hab );Mujer;35 - 49
56;0.0013114439920628867;1;0;12;20;15;5;26;58;Pacifico-Norte;Rural  ( <2500 Hab );Hombre;50 - 65
59;0.001455953956165618;1;0;18;14;9;5;23;55;Pacifico-Norte;Rural  ( <2500 Hab );Mujer;50 - 65
34;0.00395021228238586;1;0;3;14;9;5;27;44;Pacifico-Norte;Rural  ( <2500 Hab );Hombre;25 - 34
48;0.003328243149104615;1;0;9;11;6;5;23;43;Pacifico-Norte;Rural  ( <2500 Hab );Hombre;35 - 49
59;0.0016036519975096417;1;0;18;17;12;5;25;60;Pacifico-Norte;Rural  ( <2500 Hab );Mujer;50 - 65
22;0.0006044074582171456;1;0;12;17;12;5;30;59;Pacifico-Norte;Rural  ( <2500 Hab );Mujer;18 - 24
44;0.0012511551074411039;1;0;12;17;12;5;28;57;Pacifico-Norte;Rural  ( <2500 Hab );Hombre;35 - 49
43;0.0008438043401016739;1;0;18;0;0;0;15;33;Pacifico-Norte;Rural  ( <2500 Hab );Mujer;35 - 49
35;0.00395021228238586;1;0;6;20;15;5;33;59;Pacifico-Norte;Rural  ( <2500 Hab );Hombre;35 - 49
55;0.0009482062475833208;1;0;12;14;9;5;23;49;Pacifico-Norte;Rural  ( <2500 Hab );Mujer;50 - 65
49;0.0015002881285934048;1;0;3;20;15;5;39;62;Pacifico-Norte;Rural  ( <2500 Hab );Hombre;35 - 49
28;0.002014882214383764;1;0;18;17;12;5;24;59;Pacifico-Norte;Rural  ( <2500 Hab );Hombre;25 - 34
44;0.0009433231766301869;1;2;18;0;0;0;12;32;Pacifico-Norte;Urbano ( 2500-99,999 Hab);Mujer;35 - 49
63;0.0013427265079103974;1;0;12;13;12;1;26;51;Pacifico-Norte;Urbano ( 2500-99,999 Hab);Mujer;50 - 65
21;0.002390825690714544;1;0;9;17;12;5;24;50;Pacifico-Norte;Urbano ( 2500-99,999 Hab);Hombre;18 - 24
41;0.0004096717795651098;1;0;18;14;9;5;17;49;Pacifico-Norte;Urbano ( 2500-99,999 Hab);Mujer;35 - 49
24;0.0011954128453572747;1;0;9;17;12;5;28;54;Pacifico-Norte;Urbano ( 2500-99,999 Hab);Hombre;18 - 24
18;0.00043686939686445335;1;0;15;7;6;1;22;44;Pacifico-Norte;Rural  ( <2500 Hab );Mujer;18 - 24
30;0.0010006049137315975;1;0;6;20;15;5;26;52;Pacifico-Norte;Rural  ( <2500 Hab );Hombre;25 - 34
26;0.0019095881727118715;1;0;12;14;9;5;23;49;Pacifico-Norte;Rural  ( <2500 Hab );Hombre;25 - 34
43;0.002396409257533057;1;0;18;14;9;5;22;54;Pacifico-Norte;Rural  ( <2500 Hab );Mujer;35 - 49
60;0.0022192706042032696;1;0;18;11;6;5;11;40;Pacifico-Norte;Rural  ( <2500 Hab );Mujer;50 - 65
21;0.00021949074250134502;1;0;15;17;12;5;29;61;Pacifico-Norte;Rural  ( <2500 Hab );Hombre;18 - 24
26;0.0002011905227150419;1;0;6;20;15;5;35;61;Pacifico-Norte;Rural  ( <2500 Hab );Mujer;25 - 34
46;0.00027827362471567405;1;0;18;13;12;1;30;61;Pacifico-Norte;Rural  ( <2500 Hab );Hombre;35 - 49
31;0.0003428312644179551;1;0;15;9;6;3;25;49;Pacifico-Norte;Rural  ( <2500 Hab );Hombre;25 - 34
19;0.0005108588947805591;1;0;15;17;12;5;25;57;Pacifico-Norte;Rural  ( <2500 Hab );Hombre;18 - 24
40;0.0012796250947109092;1;0;6;8;3;5;21;35;Pacifico-Norte;Rural  ( <2500 Hab );Hombre;35 - 49
36;0.00013654548592876875;1;0;18;9;6;3;19;46;Pacifico-Norte;Rural  ( <2500 Hab );Mujer;35 - 49
24;0.00037004904888223486;1;0;0;20;15;5;34;54;Pacifico-Norte;Rural  ( <2500 Hab );Hombre;18 - 24
47;0.0001631216272237304;1;2;18;7;6;1;29;56;Pacifico-Norte;Rural  ( <2500 Hab );Mujer;35 - 49
20;0.0007482334321453674;1;0;9;14;9;5;25;48;Pacifico-Norte;Urbano ( 2500-99,999 Hab);Mujer;18 - 24
19;0.0004028661671758146;1;0;12;11;6;5;19;42;Pacifico-Norte;Rural  ( <2500 Hab );Mujer;18 - 24
28;0.0006396436090368937;1;0;18;20;15;5;30;68;Península;Urbano ( 2500-99,999 Hab);Hombre;25 - 34
26;0.002359578307436824;1;0;12;9;6;3;24;45;Península;Rural  ( <2500 Hab );Hombre;25 - 34
18;0.0010682764317353976;1;2;18;3;3;0;20;43;Península;Rural  ( <2500 Hab );Mujer;18 - 24
43;0.0012237231197107486;1;0;15;17;12;5;34;66;Península;Rural  ( <2500 Hab );Hombre;35 - 49
42;0.002265424411675487;1;0;6;20;15;5;37;63;Península;Rural  ( <2500 Hab );Mujer;35 - 49
47;0.0003087225335644443;1;0;18;7;6;1;25;50;Península;Rural  ( <2500 Hab );Hombre;35 - 49
37;0.00029189847928769706;1;0;6;20;15;5;34;60;Península;Rural  ( <2500 Hab );Hombre;35 - 49
28;0.0002786265983140105;1;0;6;17;12;5;30;53;Península;Rural  ( <2500 Hab );Mujer;25 - 34
59;0.00016614376740531415;1;0;12;17;12;5;28;57;Península;Rural  ( <2500 Hab );Hombre;50 - 65
26;0.0007010576895642385;1;0;18;3;3;0;16;37;Península;Urbano ( 2500-99,999 Hab);Hombre;25 - 34
33;0.00019809925009412743;1;0;0;20;15;5;37;57;Península;Urbano ( 2500-99,999 Hab);Mujer;25 - 34
18;0.00026021616580551376;1;0;18;9;6;3;27;54;Península;Urbano ( 2500-99,999 Hab);Hombre;18 - 24
55;0.0001670871427162375;1;0;15;17;12;5;28;60;Península;Urbano ( 2500-99,999 Hab);Mujer;50 - 65
36;0.00035790161673022563;1;0;15;9;9;0;23;47;Península;Urbano ( 2500-99,999 Hab);Hombre;35 - 49
46;0.0002149959508374487;1;0;18;6;6;0;22;46;Península;Urbano ( 2500-99,999 Hab);Mujer;35 - 49
53;0.00020372052902817146;1;0;6;17;12;5;35;58;Península;Urbano ( 2500-99,999 Hab);Hombre;50 - 65
31;0.002688347171837059;1;2;18;10;9;1;20;50;Frontera;Rural  ( <2500 Hab );Mujer;25 - 34
25;0.001397069576189606;1;0;0;20;15;5;36;56;Frontera;Urbano ( 2500-99,999 Hab);Hombre;25 - 34
20;0.0013385984722754224;1;0;0;14;9;5;29;43;Frontera;Urbano ( 2500-99,999 Hab);Hombre;18 - 24
42;0.0015943344168119847;1;0;9;17;12;5;27;53;Frontera;Urbano ( 2500-99,999 Hab);Mujer;35 - 49
52;0.00030943726711510106;1;0;18;12;9;3;18;48;Frontera;Rural  ( <2500 Hab );Mujer;50 - 65
22;0.0005670489864469342;1;0;9;17;12;5;28;54;Frontera;Rural  ( <2500 Hab );Hombre;18 - 24
34;0.0010618810617058234;1;0;12;20;15;5;29;61;Frontera;Rural  ( <2500 Hab );Hombre;25 - 34
20;0.001903220609352598;1;0;12;14;9;5;25;51;Frontera;Rural  ( <2500 Hab );Mujer;18 - 24
31;0.0026311844830992563;1;0;9;17;12;5;29;55;Frontera;Rural  ( <2500 Hab );Hombre;25 - 34
30;0.0022266490449344293;1;0;18;9;9;0;26;53;Frontera;Rural  ( <2500 Hab );Hombre;25 - 34
54;0.0017940782265063904;1;0;3;17;12;5;31;51;Frontera;Rural  ( <2500 Hab );Hombre;50 - 65
41;0.0011978736101291507;1;2;9;18;15;3;37;66;Frontera;Rural  ( <2500 Hab );Hombre;35 - 49
60;0.0017391270940481476;1;0;6;20;15;5;34;60;Frontera;Rural  ( <2500 Hab );Mujer;50 - 65
31;0.0018885578927936501;1;0;18;18;15;3;30;66;Frontera;Rural  ( <2500 Hab );Mujer;25 - 34
53;0.0009889886326054;1;0;18;17;12;5;25;60;Frontera;Urbano ( 2500-99,999 Hab);Hombre;50 - 65
60;0.0021136280186463173;1;0;15;7;6;1;23;45;Frontera;Urbano ( 2500-99,999 Hab);Hombre;50 - 65
61;0.00039868511735752243;1;0;15;20;15;5;36;71;Pacífico-Centro;Rural  ( <2500 Hab );Mujer;50 - 65
24;0.0011385018539751403;1;0;6;17;12;5;33;56;Pacífico-Centro;Rural  ( <2500 Hab );Hombre;18 - 24
36;0.0016910270185987474;1;0;15;20;15;5;33;68;Pacífico-Centro;Rural  ( <2500 Hab );Mujer;35 - 49
24;0.00019825785198194636;1;0;6;20;15;5;33;59;Pacífico-Centro;Rural  ( <2500 Hab );Mujer;18 - 24
33;0.0003565420339760495;1;0;18;14;9;5;20;52;Pacífico-Centro;Rural  ( <2500 Hab );Mujer;25 - 34
35;0.0002343597779658965;1;0;18;10;9;1;29;57;Pacífico-Centro;Rural  ( <2500 Hab );Mujer;35 - 49
56;0.0014427342097574044;1;2;9;20;15;5;35;66;Pacífico-Centro;Rural  ( <2500 Hab );Hombre;50 - 65
45;0.0006012614368408025;1;0;0;20;15;5;35;55;Pacífico-Centro;Rural  ( <2500 Hab );Hombre;35 - 49
20;0.0004194428995049836;1;0;18;4;3;1;15;37;Pacífico-Centro;Rural  ( <2500 Hab );Mujer;18 - 24
42;0.000303359998488018;1;0;15;17;12;5;22;54;Pacífico-Centro;Rural  ( <2500 Hab );Mujer;35 - 49
21;0.0031876082218939617;1;0;18;9;6;3;24;51;Pacífico-Centro;Urbano ( 2500-99,999 Hab);Mujer;18 - 24
52;0.0006440638691630542;1;0;18;20;15;5;33;71;Pacífico-Centro;Rural  ( <2500 Hab );Mujer;50 - 65
63;0.00022258617551900408;1;0;18;3;3;0;13;34;Pacífico-Centro;Rural  ( <2500 Hab );Mujer;50 - 65
48;0.0005508309632146469;1;0;18;7;6;1;18;43;Península;Rural  ( <2500 Hab );Mujer;35 - 49
39;0.000910416672015688;1;0;18;12;9;3;22;52;Península;Rural  ( <2500 Hab );Mujer;35 - 49
42;0.003033686964093338;1;0;18;17;12;5;22;57;Península;Rural  ( <2500 Hab );Hombre;35 - 49
22;0.0007044214929352149;1;0;18;15;12;3;28;61;Península;Rural  ( <2500 Hab );Mujer;18 - 24
50;0.0021458184285243188;1;0;3;20;15;5;33;56;Península;Rural  ( <2500 Hab );Mujer;50 - 65
26;0.001308056287563608;1;0;18;4;3;1;11;33;Península;Rural  ( <2500 Hab );Mujer;25 - 34
56;0.0016503813515217128;1;0;18;11;6;5;21;50;Península;Rural  ( <2500 Hab );Hombre;50 - 65
61;0.0016503813515217128;1;0;15;18;15;3;31;64;Península;Rural  ( <2500 Hab );Hombre;50 - 65
41;0.0027579564923620034;1;0;15;12;9;3;27;54;Península;Rural  ( <2500 Hab );Hombre;35 - 49
50;0.0007749209141414133;1;0;18;9;6;3;19;46;Península;Rural  ( <2500 Hab );Mujer;50 - 65
39;0.0027579564923620034;1;0;18;20;15;5;33;71;Península;Rural  ( <2500 Hab );Hombre;35 - 49
59;0.001449864213522581;1;0;9;20;15;5;32;61;Península;Rural  ( <2500 Hab );Hombre;50 - 65
42;0.003395504511904399;1;0;18;7;6;1;28;53;Península;Urbano ( 2500-99,999 Hab);Hombre;35 - 49
24;0.0019189487755781895;1;0;18;14;9;5;17;49;Península;Urbano ( 2500-99,999 Hab);Mujer;18 - 24
54;0.0011276946286284575;1;0;18;15;12;3;20;53;Península;Urbano ( 2500-99,999 Hab);Mujer;50 - 65
56;0.0005638473143142287;1;0;18;3;3;0;13;34;Península;Urbano ( 2500-99,999 Hab);Mujer;50 - 65
28;0.0006982106489558515;1;0;18;9;6;3;18;45;Península;Urbano ( 2500-99,999 Hab);Mujer;25 - 34
35;0.002470912656931099;1;2;18;4;3;1;15;39;Península;Urbano ( 2500-99,999 Hab);Hombre;35 - 49
60;0.0012255219048545587;1;0;9;17;12;5;29;55;Península;Urbano ( 2500-99,999 Hab);Hombre;50 - 65
46;0.0016717798460282925;1;0;18;7;6;1;15;40;Península;Rural  ( <2500 Hab );Mujer;35 - 49
47;0.0030056133491059866;1;0;3;20;15;5;38;61;Península;Rural  ( <2500 Hab );Mujer;35 - 49
25;0.005993685519577542;1;0;18;7;6;1;15;40;Península;Urbano ( 2500-99,999 Hab);Mujer;25 - 34
52;0.0007419711394197123;1;0;6;17;12;5;33;56;Frontera;Urbano ( 2500-99,999 Hab);Mujer;50 - 65
34;0.005400053843317374;1;0;0;15;12;3;29;44;Frontera;Rural  ( <2500 Hab );Hombre;25 - 34
36;0.0017282131183870182;1;0;15;20;15;5;29;64;Frontera;Rural  ( <2500 Hab );Mujer;35 - 49
49;0.0003610860335143976;1;0;6;20;15;5;37;63;Frontera;Rural  ( <2500 Hab );Mujer;35 - 49
61;0.0003317229934264142;1;0;18;4;3;1;14;36;Frontera;Rural  ( <2500 Hab );Mujer;50 - 65
43;0.0004651505287584094;1;0;0;20;15;5;39;59;Frontera;Rural  ( <2500 Hab );Mujer;35 - 49
35;0.0015105403768958586;1;0;12;9;6;3;22;43;Frontera;Rural  ( <2500 Hab );Mujer;35 - 49
18;0.0006439599742894769;1;0;3;11;6;5;17;31;Frontera;Rural  ( <2500 Hab );Mujer;18 - 24
35;0.0011062233728805753;1;0;18;17;12;5;22;57;Frontera;Rural  ( <2500 Hab );Mujer;35 - 49
36;0.0006098248585745792;1;0;6;17;12;5;32;55;Frontera;Rural  ( <2500 Hab );Hombre;35 - 49
54;0.0011494448577981306;1;0;15;17;12;5;30;62;Frontera;Rural  ( <2500 Hab );Hombre;50 - 65
49;0.0011973347721003424;1;0;6;20;15;5;32;58;Frontera;Rural  ( <2500 Hab );Hombre;35 - 49
62;0.00221477193828416;1;0;18;15;12;3;28;61;Frontera;Rural  ( <2500 Hab );Mujer;50 - 65
54;0.00044716155280418314;1;0;15;17;12;5;24;56;Frontera;Rural  ( <2500 Hab );Mujer;50 - 65
55;0.001120978280528136;1;0;18;12;9;3;28;58;Frontera;Rural  ( <2500 Hab );Hombre;50 - 65
51;0.0004572878170187248;1;0;15;20;15;5;34;69;Frontera;Rural  ( <2500 Hab );Mujer;50 - 65
47;0.0005427504354688458;1;0;15;18;15;3;27;60;Frontera;Rural  ( <2500 Hab );Mujer;35 - 49
37;0.00107064443211049;1;0;3;14;9;5;28;45;Frontera;Urbano ( 2500-99,999 Hab);Hombre;35 - 49
34;0.004728049578977294;1;0;0;17;12;5;32;49;Frontera;Rural  ( <2500 Hab );Hombre;25 - 34
47;0.0014358465439148619;1;0;9;17;12;5;26;52;Centro;Rural  ( <2500 Hab );Mujer;35 - 49
64;0.00523813580776092;1;0;18;9;6;3;31;58;Centro;Rural  ( <2500 Hab );Hombre;50 - 65
35;0.006341115253998138;1;0;0;20;15;5;39;59;Centro;Rural  ( <2500 Hab );Hombre;35 - 49
32;0.00279010056646733;1;0;18;12;9;3;24;54;Centro;Rural  ( <2500 Hab );Mujer;25 - 34
28;0.0028119407177094797;1;0;6;20;15;5;38;64;Centro;Rural  ( <2500 Hab );Mujer;25 - 34
40;0.009510498359493894;1;0;9;20;15;5;37;66;Centro;Rural  ( <2500 Hab );Hombre;35 - 49
36;0.002687470515745653;1;2;12;13;12;1;32;59;Centro;Rural  ( <2500 Hab );Mujer;35 - 49
20;0.0035007636367359526;1;0;18;20;15;5;27;65;Centro;Rural  ( <2500 Hab );Hombre;18 - 24
44;0.0027590846891811004;1;0;3;20;15;5;34;57;Centro;Rural  ( <2500 Hab );Mujer;35 - 49
52;0.003286972863532695;1;0;12;17;12;5;30;59;Centro;Rural  ( <2500 Hab );Mujer;50 - 65
28;0.0017278153237813227;1;0;18;14;9;5;25;57;Centro;Rural  ( <2500 Hab );Mujer;25 - 34
52;0.001860735403209578;1;0;12;15;12;3;28;55;Centro;Rural  ( <2500 Hab );Mujer;50 - 65
52;0.0008015564620153228;1;0;6;18;15;3;26;50;Centro;Rural  ( <2500 Hab );Mujer;50 - 65
19;0.0018462370244477773;1;0;0;20;15;5;36;56;Centro;Rural  ( <2500 Hab );Mujer;18 - 24
29;0.002901289897849465;1;0;15;18;15;3;29;62;Centro;Rural  ( <2500 Hab );Mujer;25 - 34
41;0.0012639149595543955;1;0;6;20;15;5;36;62;Centro;Rural  ( <2500 Hab );Mujer;35 - 49
22;0.0043458747950664905;1;0;0;20;15;5;36;56;Centro;Rural  ( <2500 Hab );Hombre;18 - 24
56;0.0004293829291481507;1;0;12;20;15;5;25;57;Centro;Rural  ( <2500 Hab );Mujer;50 - 65
56;0.001602015904303285;1;0;15;18;15;3;33;66;Centro;Rural  ( <2500 Hab );Mujer;50 - 65
64;0.0018425795966088847;1;0;18;15;12;3;27;60;Centro;Rural  ( <2500 Hab );Mujer;50 - 65
60;0.009075773621683958;1;0;18;17;12;5;34;69;Centro;Rural  ( <2500 Hab );Hombre;50 - 65
49;0.0053097908528313;1;0;18;9;6;3;15;42;Centro;Rural  ( <2500 Hab );Mujer;35 - 49
18;0.005100703893330395;1;0;6;17;12;5;19;42;Centro;Rural  ( <2500 Hab );Mujer;18 - 24
32;0.004107022356559889;1;0;18;12;9;3;19;49;Centro;Rural  ( <2500 Hab );Mujer;25 - 34
55;0.0025356818675170705;1;0;15;17;12;5;33;65;Centro;Rural  ( <2500 Hab );Mujer;50 - 65
24;0.006040217147054545;1;0;18;14;9;5;19;51;Centro;Rural  ( <2500 Hab );Mujer;18 - 24
18;0.00034388167632573124;1;0;6;11;6;5;27;44;Centro Norte;Rural  ( <2500 Hab );Hombre;18 - 24
34;0.000951800916975467;1;0;9;17;12;5;30;56;Centro Norte;Rural  ( <2500 Hab );Hombre;25 - 34
56;0.0005707272165738941;1;0;18;17;12;5;27;62;Centro Norte;Rural  ( <2500 Hab );Mujer;50 - 65
19;0.0006675350187499466;1;0;0;17;12;5;33;50;Centro Norte;Rural  ( <2500 Hab );Hombre;18 - 24
41;0.0003086747057027764;1;0;12;17;12;5;31;60;Centro Norte;Rural  ( <2500 Hab );Mujer;35 - 49
19;0.0022910667058288025;1;0;15;20;15;5;36;71;Centro Norte;Rural  ( <2500 Hab );Mujer;18 - 24
45;0.0002386799175033101;1;0;18;15;12;3;35;68;Centro Norte;Rural  ( <2500 Hab );Mujer;35 - 49
30;0.0008601461197260209;1;0;9;17;12;5;28;54;Centro Norte;Urbano ( 2500-99,999 Hab);Hombre;25 - 34
18;0.00014350391314806973;1;0;12;15;12;3;30;57;Centro Norte;Urbano ( 2500-99,999 Hab);Hombre;18 - 24
32;0.0012337395894390871;1;0;6;20;15;5;34;60;Centro Norte;Urbano ( 2500-99,999 Hab);Hombre;25 - 34
54;0.0005714961998306036;1;0;18;10;9;1;30;58;Centro Norte;Urbano ( 2500-99,999 Hab);Mujer;50 - 65
56;0.0001545431898577148;1;0;12;20;15;5;33;65;Centro Norte;Rural  ( <2500 Hab );Mujer;50 - 65
48;0.0003090863797154296;1;0;18;9;6;3;18;45;Centro Norte;Rural  ( <2500 Hab );Mujer;35 - 49
23;0.0010584616298359197;1;0;18;6;3;3;14;38;Centro Norte;Urbano ( 2500-99,999 Hab);Mujer;18 - 24
39;0.0004493304571811871;1;0;18;17;12;5;20;55;Centro Norte;Rural  ( <2500 Hab );Mujer;35 - 49
30;0.0004493304571811871;1;0;18;12;9;3;23;53;Centro Norte;Rural  ( <2500 Hab );Mujer;25 - 34
47;0.0001389865805151312;1;0;3;17;12;5;33;53;Centro Norte;Rural  ( <2500 Hab );Hombre;35 - 49
48;0.0001389865805151312;1;0;15;18;15;3;36;69;Centro Norte;Rural  ( <2500 Hab );Hombre;35 - 49
58;0.00037552592450760196;1;0;12;20;15;5;32;64;Centro Norte;Urbano ( 2500-99,999 Hab);Hombre;50 - 65
45;0.0002211393623010802;1;0;18;20;15;5;33;71;Centro Norte;Urbano ( 2500-99,999 Hab);Mujer;35 - 49
46;0.0003655823283820376;1;0;9;9;6;3;25;43;Centro Norte;Urbano ( 2500-99,999 Hab);Hombre;35 - 49
20;0.0006510389897326068;1;0;18;10;9;1;22;50;Centro Norte;Urbano ( 2500-99,999 Hab);Mujer;18 - 24
46;0.00045760483565995824;1;0;18;12;9;3;20;50;Centro Norte;Rural  ( <2500 Hab );Mujer;35 - 49
58;0.0009328521635992035;1;0;6;20;15;5;28;54;Centro Norte;Rural  ( <2500 Hab );Hombre;50 - 65
64;0.0007540550482038815;1;0;15;20;15;5;32;67;Centro Norte;Rural  ( <2500 Hab );Hombre;50 - 65
30;0.0017107477222899777;1;0;18;0;0;0;13;31;Centro Norte;Rural  ( <2500 Hab );Mujer;25 - 34
41;0.00016787561502576613;1;0;18;14;9;5;19;51;Centro Norte;Urbano ( 2500-99,999 Hab);Mujer;35 - 49
47;0.0003330758861286737;1;0;15;20;15;5;33;68;Centro Norte;Urbano ( 2500-99,999 Hab);Mujer;35 - 49
22;0.00033575123005153226;1;0;9;17;12;5;34;60;Centro Norte;Urbano ( 2500-99,999 Hab);Mujer;18 - 24
49;0.0006727682416774858;1;0;18;17;12;5;26;61;Centro Norte;Urbano ( 2500-99,999 Hab);Mujer;35 - 49
21;0.00022605735818769743;1;0;18;14;9;5;20;52;Centro Norte;Urbano ( 2500-99,999 Hab);Mujer;18 - 24
30;0.000281632921330188;1;0;18;4;3;1;24;46;Centro Norte;Urbano ( 2500-99,999 Hab);Mujer;25 - 34
18;0.0003643330254876366;1;0;3;20;15;5;36;59;Centro Norte;Urbano ( 2500-99,999 Hab);Mujer;18 - 24
48;0.00033947733027096024;1;0;18;7;6;1;20;45;Centro Norte;Rural  ( <2500 Hab );Mujer;35 - 49
40;0.002407932789957414;1;2;15;9;6;3;19;45;Centro Norte;Rural  ( <2500 Hab );Hombre;35 - 49
27;0.00039999593657100927;1;0;18;14;9;5;23;55;Centro Norte;Urbano ( 2500-99,999 Hab);Mujer;25 - 34
22;0.0005714227665300131;1;0;0;14;9;5;34;48;Centro Norte;Urbano ( 2500-99,999 Hab);Mujer;18 - 24
31;0.0010243664121904008;1;0;15;17;12;5;29;61;Centro Norte;Rural  ( <2500 Hab );Mujer;25 - 34
41;0.0015526225902047178;1;0;3;15;12;3;33;51;Centro Norte;Rural  ( <2500 Hab );Hombre;35 - 49
53;0.0005245207324021805;1;0;15;15;12;3;32;62;Centro Norte;Rural  ( <2500 Hab );Mujer;50 - 65
59;0.0006876049488010328;1;0;6;14;9;5;27;47;Centro Norte;Rural  ( <2500 Hab );Hombre;50 - 65
33;0.0006166737020233379;1;0;18;12;9;3;24;54;Centro Norte;Rural  ( <2500 Hab );Mujer;25 - 34
59;0.0006887445346408644;1;0;9;20;15;5;35;64;Centro Norte;Rural  ( <2500 Hab );Hombre;50 - 65
18;0.0010253739891232583;1;0;0;13;12;1;32;45;Centro Norte;Rural  ( <2500 Hab );Mujer;18 - 24
51;0.00043257488701995594;1;0;18;12;9;3;27;57;Centro Norte;Urbano ( 2500-99,999 Hab);Mujer;50 - 65
30;0.00022646583768272158;1;0;18;8;3;5;16;42;Centro Norte;Urbano ( 2500-99,999 Hab);Mujer;25 - 34
34;0.00255581276980785;1;0;6;14;9;5;32;52;Centro Norte;Rural  ( <2500 Hab );Hombre;25 - 34
60;0.0008657219346290166;1;0;18;12;9;3;25;55;Centro Norte;Rural  ( <2500 Hab );Hombre;50 - 65
44;0.00033915698284466006;1;0;18;11;6;5;11;40;Centro Norte;Rural  ( <2500 Hab );Mujer;35 - 49
36;0.0007902321426806485;1;0;12;6;3;3;19;37;Centro Norte;Rural  ( <2500 Hab );Mujer;35 - 49
18;0.0005477206307142231;1;0;15;7;6;1;18;40;Centro Norte;Rural  ( <2500 Hab );Mujer;18 - 24
55;0.0005036190364446084;1;0;12;17;12;5;35;64;Centro Norte;Rural  ( <2500 Hab );Hombre;50 - 65
22;0.0011238488686576486;1;0;15;20;15;5;31;66;Centro Norte;Rural  ( <2500 Hab );Mujer;18 - 24
43;0.0005016855490586448;1;0;12;15;12;3;30;57;Centro Norte;Rural  ( <2500 Hab );Mujer;35 - 49
46;0.0004162251565946362;1;0;3;12;9;3;29;44;Centro Norte;Rural  ( <2500 Hab );Hombre;35 - 49
30;0.002026723730305833;1;0;6;17;12;5;30;53;Centro Norte;Rural  ( <2500 Hab );Hombre;25 - 34
46;0.00024066401271540216;1;0;9;20;15;5;30;59;Centro Norte;Rural  ( <2500 Hab );Hombre;35 - 49
21;0.0010329854947076838;1;0;15;9;6;3;17;41;Centro Norte;Rural  ( <2500 Hab );Mujer;18 - 24
60;0.0003210888050940245;1;0;18;6;3;3;22;46;Centro Norte;Rural  ( <2500 Hab );Hombre;50 - 65
38;0.0005849315610665366;1;0;12;20;15;5;36;68;Centro Norte;Rural  ( <2500 Hab );Hombre;35 - 49
46;0.0004927288706816163;1;0;6;20;15;5;34;60;Centro Norte;Rural  ( <2500 Hab );Mujer;35 - 49
27;0.0028873896286182076;1;0;9;8;3;5;19;36;Centro Norte;Rural  ( <2500 Hab );Hombre;25 - 34
53;0.00027998076488039837;1;0;18;7;6;1;23;48;Centro Norte;Rural  ( <2500 Hab );Mujer;50 - 65
37;0.0009090163929430179;1;0;18;3;3;0;20;41;Centro Norte;Rural  ( <2500 Hab );Mujer;35 - 49
47;0.0001660586935176394;1;0;12;14;9;5;17;43;Centro Norte;Rural  ( <2500 Hab );Hombre;35 - 49
49;0.0003321173870352774;1;0;9;17;12;5;32;58;Centro Norte;Rural  ( <2500 Hab );Hombre;35 - 49
60;0.001067421548836386;1;0;18;14;9;5;24;56;Centro Norte;Urbano ( 2500-99,999 Hab);Mujer;50 - 65
19;0.0004016012578864762;1;0;9;20;15;5;34;63;Centro Norte;Urbano ( 2500-99,999 Hab);Mujer;18 - 24
39;0.0010980367602187742;1;0;18;17;12;5;25;60;Centro Norte;Urbano ( 2500-99,999 Hab);Mujer;35 - 49
51;0.0002395376503907181;1;0;12;7;6;1;27;46;Centro Norte;Rural  ( <2500 Hab );Mujer;50 - 65
45;0.00017265561395752953;1;0;15;14;9;5;23;52;Centro Norte;Rural  ( <2500 Hab );Hombre;35 - 49
58;0.00018738015690248377;1;0;18;0;0;0;12;30;Centro Norte;Rural  ( <2500 Hab );Mujer;50 - 65
54;0.00042027026575688805;1;0;18;4;3;1;13;35;Centro Norte;Rural  ( <2500 Hab );Mujer;50 - 65
61;0.0006867120273002808;1;2;18;4;3;1;16;40;Centro Norte;Urbano ( 2500-99,999 Hab);Hombre;50 - 65
57;0.00021135220796885746;1;0;18;9;6;3;24;51;Centro Norte;Rural  ( <2500 Hab );Mujer;50 - 65
27;0.0004880794466712223;1;0;18;0;0;0;21;39;Centro Norte;Rural  ( <2500 Hab );Hombre;25 - 34
49;0.00011789836761135047;1;0;18;4;3;1;23;45;Centro Norte;Rural  ( <2500 Hab );Mujer;35 - 49
46;0.00010831912631898123;1;0;18;15;12;3;22;55;Centro Norte;Rural  ( <2500 Hab );Mujer;35 - 49
61;0.0002880186191877494;1;0;18;13;12;1;25;56;Centro Norte;Urbano ( 2500-99,999 Hab);Mujer;50 - 65
37;0.0009304289558952096;1;0;15;20;15;5;29;64;Centro Norte;Rural  ( <2500 Hab );Hombre;35 - 49
63;0.00016199716296872672;1;0;15;10;9;1;31;56;Centro Norte;Rural  ( <2500 Hab );Hombre;50 - 65
37;0.0009304289558952096;1;0;0;17;12;5;30;47;Centro Norte;Rural  ( <2500 Hab );Hombre;35 - 49
47;0.00022475040861999539;1;0;18;1;0;1;15;34;Centro Norte;Rural  ( <2500 Hab );Mujer;35 - 49
34;0.0002408614986889721;1;0;18;1;0;1;12;31;Centro Norte;Rural  ( <2500 Hab );Mujer;25 - 34
51;0.00012209007558194873;1;0;18;12;9;3;32;62;Centro Norte;Rural  ( <2500 Hab );Mujer;50 - 65
39;0.00037308294466524214;1;0;18;9;9;0;23;50;Centro Norte;Urbano ( 2500-99,999 Hab);Mujer;35 - 49
21;0.00037754718502875766;1;0;15;15;12;3;25;55;Centro Norte;Urbano ( 2500-99,999 Hab);Mujer;18 - 24
34;0.000519347292732942;1;0;9;20;15;5;33;62;Centro Norte;Urbano ( 2500-99,999 Hab);Mujer;25 - 34
62;0.0006388212924172158;1;0;9;17;12;5;31;57;Centro Norte;Rural  ( <2500 Hab );Mujer;50 - 65
38;0.0008376187999861478;1;0;18;9;9;0;24;51;Centro Norte;Urbano ( 2500-99,999 Hab);Mujer;35 - 49
36;0.0018761239358465324;1;0;18;12;9;3;25;55;Centro Norte;Urbano ( 2500-99,999 Hab);Hombre;35 - 49
43;0.003475215610903118;1;4;15;9;9;0;22;50;Pacífico Sur;Rural  ( <2500 Hab );Hombre;35 - 49
52;0.0008117049192681618;1;0;0;17;12;5;33;50;Pacífico Sur;Rural  ( <2500 Hab );Hombre;50 - 65
41;0.000633726575333454;1;0;3;17;12;5;22;42;Pacífico Sur;Rural  ( <2500 Hab );Mujer;35 - 49
23;0.003475215610903118;1;0;18;9;6;3;19;46;Pacífico Sur;Rural  ( <2500 Hab );Hombre;18 - 24
34;0.0012330485284896848;1;0;15;14;9;5;25;54;Pacífico Sur;Rural  ( <2500 Hab );Mujer;25 - 34
19;0.0017584881361882249;1;0;15;17;12;5;24;56;Pacífico Sur;Rural  ( <2500 Hab );Mujer;18 - 24
28;0.002471265895842837;1;0;18;15;12;3;19;52;Pacífico Sur;Urbano ( 2500-99,999 Hab);Mujer;25 - 34
53;0.0008556501732979356;1;0;18;3;3;0;17;38;Pacífico Sur;Rural  ( <2500 Hab );Mujer;50 - 65
26;0.0006865679266463906;1;0;18;4;3;1;18;40;Pacífico Sur;Rural  ( <2500 Hab );Mujer;25 - 34
44;0.0006865679266463906;1;0;12;17;12;5;25;54;Pacífico Sur;Rural  ( <2500 Hab );Mujer;35 - 49
50;0.002100433653364508;1;0;18;7;6;1;15;40;Pacífico Sur;Rural  ( <2500 Hab );Hombre;50 - 65
28;0.0008199412090923055;1;0;15;11;6;5;19;45;Pacífico Sur;Rural  ( <2500 Hab );Mujer;25 - 34
59;0.0009884442747175807;1;0;15;18;15;3;34;67;Pacífico Sur;Urbano ( 2500-99,999 Hab);Mujer;50 - 65
24;0.0018227076713049231;1;0;0;20;15;5;39;59;Pacífico Sur;Urbano ( 2500-99,999 Hab);Mujer;18 - 24
59;0.0004942221373587904;1;0;18;7;6;1;18;43;Pacífico Sur;Urbano ( 2500-99,999 Hab);Mujer;50 - 65
24;0.002116423993195216;1;0;0;20;15;5;37;57;Pacífico Sur;Urbano ( 2500-99,999 Hab);Mujer;18 - 24
49;0.002429013573613173;1;0;18;4;3;1;15;37;Pacífico Sur;Rural  ( <2500 Hab );Hombre;35 - 49
43;0.0015521155264754047;1;0;18;12;9;3;24;54;Centro;Rural  ( <2500 Hab );Hombre;35 - 49
48;0.0005278635366256676;1;0;18;10;9;1;28;56;Centro;Rural  ( <2500 Hab );Mujer;35 - 49
46;0.00024351134370336383;1;0;15;20;15;5;30;65;Centro;Rural  ( <2500 Hab );Mujer;35 - 49
46;0.00036908587433623737;1;0;18;7;6;1;26;51;Centro;Rural  ( <2500 Hab );Hombre;35 - 49
27;0.0028640564176942206;1;0;18;10;9;1;28;56;Centro;Rural  ( <2500 Hab );Hombre;25 - 34
35;0.00042235325741869973;1;0;18;20;15;5;26;64;Centro;Rural  ( <2500 Hab );Mujer;35 - 49
61;0.0010815894294651197;1;0;6;20;15;5;35;61;Centro;Urbano ( 2500-99,999 Hab);Hombre;50 - 65
59;0.0008055336370903382;1;0;12;15;12;3;26;53;Centro;Urbano ( 2500-99,999 Hab);Mujer;50 - 65
22;0.0004650169058000945;1;0;12;10;9;1;32;54;Centro;Urbano ( 2500-99,999 Hab);Mujer;18 - 24
58;0.004365269337571405;1;0;18;12;9;3;20;50;Centro;Urbano ( 2500-99,999 Hab);Hombre;50 - 65
44;0.001645921376324232;1;0;18;10;9;1;18;46;Centro;Urbano ( 2500-99,999 Hab);Mujer;35 - 49
46;0.0019467062896349932;1;0;12;17;12;5;29;58;Centro;Urbano ( 2500-99,999 Hab);Mujer;35 - 49
31;0.004754883976047772;1;0;18;16;15;1;29;63;Centro;Urbano ( 2500-99,999 Hab);Mujer;25 - 34
50;0.0019663699895302858;1;0;18;10;9;1;23;51;Centro;Urbano ( 2500-99,999 Hab);Mujer;50 - 65
35;0.0022386459397588424;1;0;18;15;12;3;33;66;Centro;Urbano ( 2500-99,999 Hab);Mujer;35 - 49
39;0.002680100570838938;1;0;18;17;12;5;24;59;Centro;Rural  ( <2500 Hab );Mujer;35 - 49
26;0.00908713157191029;1;0;3;20;15;5;34;57;Centro;Rural  ( <2500 Hab );Hombre;25 - 34
45;0.0054002250679562195;1;0;3;20;15;5;37;60;Centro;Urbano ( 2500-99,999 Hab);Hombre;35 - 49
53;0.0030215530146711447;1;0;18;20;15;5;31;69;Pacífico-Centro;Rural  ( <2500 Hab );Mujer;50 - 65
32;0.014122194004191232;1;0;3;17;12;5;30;50;Pacífico-Centro;Rural  ( <2500 Hab );Hombre;25 - 34
48;0.016086706988957457;1;0;18;11;6;5;29;58;Pacífico-Centro;Rural  ( <2500 Hab );Hombre;35 - 49
62;0.011587759130432336;1;0;18;9;6;3;22;49;Pacífico-Centro;Urbano ( 2500-99,999 Hab);Mujer;50 - 65
56;0.0069222248077694115;1;0;3;20;15;5;39;62;Pacífico-Centro;Rural  ( <2500 Hab );Mujer;50 - 65
28;0.007591653938173618;1;0;3;17;12;5;33;53;Pacífico-Centro;Rural  ( <2500 Hab );Mujer;25 - 34
18;0.00526187903829358;1;0;6;17;12;5;31;54;Centro;Rural  ( <2500 Hab );Hombre;18 - 24
41;0.005201015123187956;1;0;12;12;9;3;26;50;Centro;Rural  ( <2500 Hab );Mujer;35 - 49
59;0.003961555544491678;1;0;18;7;6;1;27;52;Centro;Rural  ( <2500 Hab );Mujer;50 - 65
47;0.0012446166004000672;1;0;18;9;9;0;24;51;Centro;Rural  ( <2500 Hab );Mujer;35 - 49
37;0.0019070938593087469;1;0;12;20;15;5;28;60;Centro;Rural  ( <2500 Hab );Mujer;35 - 49
35;0.004665905307794466;1;0;3;17;12;5;34;54;Centro;Rural  ( <2500 Hab );Hombre;35 - 49
38;0.005753532600940878;1;0;6;20;15;5;31;57;Centro;Rural  ( <2500 Hab );Mujer;35 - 49
46;0.0045825900055974445;1;2;18;6;3;3;29;55;Centro;Rural  ( <2500 Hab );Hombre;35 - 49
62;0.007877983804085243;1;0;15;14;9;5;28;57;Centro;Rural  ( <2500 Hab );Mujer;50 - 65
47;0.0018728208704319928;1;0;18;12;9;3;15;45;Centro;Urbano ( 2500-99,999 Hab);Mujer;35 - 49
46;0.0019976642652976273;1;0;18;3;3;0;16;37;Centro;Urbano ( 2500-99,999 Hab);Mujer;35 - 49
64;0.003201962469067898;1;0;12;12;9;3;28;52;Centro;Rural  ( <2500 Hab );Mujer;50 - 65
20;0.001838571951551917;1;0;6;20;15;5;33;59;Centro;Rural  ( <2500 Hab );Mujer;18 - 24
21;0.001838571951551917;1;0;12;11;6;5;18;41;Centro;Rural  ( <2500 Hab );Mujer;18 - 24
44;0.0018716521088595435;1;0;12;15;12;3;22;49;Centro;Urbano ( 2500-99,999 Hab);Mujer;35 - 49
19;0.0061129662686847846;1;2;9;15;12;3;36;62;Centro;Urbano ( 2500-99,999 Hab);Hombre;18 - 24
53;0.0009513607411761356;1;0;18;13;12;1;29;60;Centro;Urbano ( 2500-99,999 Hab);Mujer;50 - 65
43;0.0022573184091051095;1;0;6;17;12;5;29;52;Centro;Urbano ( 2500-99,999 Hab);Mujer;35 - 49
45;0.0010353448605756436;1;0;18;3;3;0;13;34;Centro;Urbano ( 2500-99,999 Hab);Hombre;35 - 49
29;0.006279940331962535;1;0;15;11;6;5;26;52;Centro;Rural  ( <2500 Hab );Hombre;25 - 34
31;0.008209965600668213;1;0;0;20;15;5;36;56;Centro;Urbano ( 2500-99,999 Hab);Hombre;25 - 34
60;0.003059229775938375;1;0;15;20;15;5;37;72;Centro;Urbano ( 2500-99,999 Hab);Hombre;50 - 65
18;0.009292878807120656;1;0;18;17;12;5;24;59;Centro;Urbano ( 2500-99,999 Hab);Mujer;18 - 24
30;0.0005726154795056502;1;0;18;3;3;0;21;42;Centro;Rural  ( <2500 Hab );Mujer;25 - 34
26;0.0008069140142006774;1;0;12;16;15;1;35;63;Centro;Rural  ( <2500 Hab );Hombre;25 - 34
30;0.00044858230537281443;1;0;18;7;6;1;21;46;Centro;Rural  ( <2500 Hab );Mujer;25 - 34
39;0.00034851426256110954;1;0;15;14;9;5;28;57;Centro;Rural  ( <2500 Hab );Mujer;35 - 49
27;0.003914050745866979;1;0;3;20;15;5;38;61;Centro;Urbano ( 2500-99,999 Hab);Mujer;25 - 34
36;0.0038423016564904117;1;0;12;20;15;5;21;53;Centro;Rural  ( <2500 Hab );Mujer;35 - 49
56;0.002507581051698227;1;0;12;18;15;3;34;64;Centro;Rural  ( <2500 Hab );Mujer;50 - 65
36;0.003051128211951988;1;0;15;12;9;3;25;52;Centro;Rural  ( <2500 Hab );Mujer;35 - 49
41;0.00176388165931984;1;0;12;7;6;1;16;35;Centro;Rural  ( <2500 Hab );Mujer;35 - 49
44;0.004552652597882632;1;0;15;20;15;5;36;71;Centro;Rural  ( <2500 Hab );Hombre;35 - 49
34;0.01073039612115748;1;0;18;3;3;0;16;37;Centro;Urbano ( 2500-99,999 Hab);Hombre;25 - 34
35;0.00569418077045185;1;0;3;17;12;5;34;54;Centro;Rural  ( <2500 Hab );Mujer;35 - 49
55;0.0038901698985934286;1;0;15;7;6;1;18;40;Centro;Rural  ( <2500 Hab );Hombre;50 - 65
53;0.004596832012849451;1;0;18;7;6;1;25;50;Centro;Rural  ( <2500 Hab );Hombre;50 - 65
63;0.003625813481615334;1;0;3;14;9;5;32;49;Centro;Rural  ( <2500 Hab );Hombre;50 - 65
52;0.001270924833854661;1;0;18;3;3;0;20;41;Centro;Urbano ( 2500-99,999 Hab);Mujer;50 - 65
61;0.0010667218217625114;1;0;18;17;12;5;33;68;Centro;Urbano ( 2500-99,999 Hab);Mujer;50 - 65
44;0.004350955852951382;1;0;3;14;9;5;31;48;Centro;Urbano ( 2500-99,999 Hab);Hombre;35 - 49
34;0.0004688346503987493;1;4;15;15;12;3;30;64;Centro;Rural  ( <2500 Hab );Mujer;25 - 34
64;0.002304613183410924;1;2;15;15;12;3;25;57;Centro;Rural  ( <2500 Hab );Mujer;50 - 65
21;0.0022055209365761186;1;0;18;17;12;5;28;63;Centro;Rural  ( <2500 Hab );Mujer;18 - 24
24;0.0008822083746304473;1;0;9;18;15;3;29;56;Centro;Rural  ( <2500 Hab );Mujer;18 - 24
39;0.0007845233837394965;1;0;18;20;15;5;36;74;Pacífico-Centro;Rural  ( <2500 Hab );Hombre;35 - 49
52;0.0005601110726352555;1;0;18;0;0;0;13;31;Pacífico-Centro;Rural  ( <2500 Hab );Mujer;50 - 65
39;0.003047307455760884;1;0;15;17;12;5;26;58;Pacífico-Centro;Rural  ( <2500 Hab );Hombre;35 - 49
32;0.003047307455760884;1;0;12;20;15;5;35;67;Pacífico-Centro;Rural  ( <2500 Hab );Hombre;25 - 34
42;0.002190022809346211;1;0;9;17;12;5;33;59;Pacífico-Centro;Rural  ( <2500 Hab );Hombre;35 - 49
46;0.000700827521620199;1;0;15;11;6;5;20;46;Pacífico-Centro;Rural  ( <2500 Hab );Mujer;35 - 49
24;0.0018397364116559197;1;0;18;9;6;3;26;53;Pacífico-Centro;Rural  ( <2500 Hab );Mujer;18 - 24
42;0.0018397364116559197;1;0;3;20;15;5;34;57;Pacífico-Centro;Rural  ( <2500 Hab );Mujer;35 - 49
58;0.001798259169465344;1;0;12;20;15;5;37;69;Pacífico-Centro;Urbano ( 2500-99,999 Hab);Hombre;50 - 65
21;0.00835249991227447;1;0;18;17;12;5;35;70;Pacífico-Centro;Urbano ( 2500-99,999 Hab);Hombre;18 - 24
43;0.005998105714000626;1;0;15;17;12;5;25;57;Pacífico-Centro;Urbano ( 2500-99,999 Hab);Mujer;35 - 49
27;0.0017203794015855922;1;0;0;20;15;5;37;57;Pacífico-Centro;Rural  ( <2500 Hab );Mujer;25 - 34
38;0.00231652731352437;1;0;18;18;15;3;35;71;Pacífico-Centro;Rural  ( <2500 Hab );Hombre;35 - 49
20;0.0008726022505877867;1;0;12;14;9;5;20;46;Pacífico-Centro;Rural  ( <2500 Hab );Mujer;18 - 24
44;0.0022023040187113007;1;0;18;7;6;1;18;43;Pacífico-Centro;Rural  ( <2500 Hab );Hombre;35 - 49
22;0.001930682721902235;1;0;9;20;15;5;23;52;Pacífico-Centro;Rural  ( <2500 Hab );Mujer;18 - 24
55;0.0002567658938483252;1;0;12;20;15;5;32;64;Pacífico Sur;Rural  ( <2500 Hab );Mujer;50 - 65
61;0.00023247722821402464;1;0;18;6;6;0;27;51;Pacífico Sur;Rural  ( <2500 Hab );Mujer;50 - 65
63;0.001204819045823415;1;0;18;4;3;1;14;36;Pacífico Sur;Rural  ( <2500 Hab );Hombre;50 - 65
48;0.00021330542038710222;1;0;9;17;12;5;24;50;Pacífico Sur;Rural  ( <2500 Hab );Mujer;35 - 49
34;0.0003449980139836983;1;0;18;17;12;5;28;63;Pacífico Sur;Rural  ( <2500 Hab );Mujer;25 - 34
40;0.0004194145063292667;1;0;18;10;9;1;23;51;Pacífico Sur;Rural  ( <2500 Hab );Mujer;35 - 49
42;0.0013593671746640293;1;0;18;7;6;1;20;45;Pacífico Sur;Rural  ( <2500 Hab );Mujer;35 - 49
19;0.0004340615615852298;1;0;6;20;15;5;36;62;Pacífico Sur;Urbano ( 2500-99,999 Hab);Mujer;18 - 24
62;0.0048676797607869905;1;0;18;16;15;1;29;63;Pacífico Sur;Urbano ( 2500-99,999 Hab);Mujer;50 - 65
20;0.0004627836795508196;1;0;6;20;15;5;37;63;Pacífico Sur;Rural  ( <2500 Hab );Mujer;18 - 24
24;0.002497871730683438;1;0;6;20;15;5;36;62;Pacífico Sur;Urbano ( 2500-99,999 Hab);Hombre;18 - 24
60;0.00011742626185424281;1;0;18;15;12;3;31;64;Pacífico Sur;Rural  ( <2500 Hab );Mujer;50 - 65
29;0.00032593568377256143;1;0;18;14;9;5;23;55;Pacífico Sur;Urbano ( 2500-99,999 Hab);Mujer;25 - 34
55;0.00019768440610840775;1;0;18;10;9;1;32;60;Pacífico Sur;Urbano ( 2500-99,999 Hab);Mujer;50 - 65
48;0.0008279509638904291;1;0;18;4;3;1;27;49;Pacífico Sur;Rural  ( <2500 Hab );Hombre;35 - 49
24;0.002244469745379468;1;0;18;12;9;3;25;55;Pacífico Sur;Rural  ( <2500 Hab );Mujer;18 - 24
43;0.0013151143063857343;1;0;18;12;9;3;23;53;Pacífico Sur;Urbano ( 2500-99,999 Hab);Hombre;35 - 49
51;0.0004396045644601019;1;0;18;6;6;0;27;51;Pacífico Sur;Urbano ( 2500-99,999 Hab);Mujer;50 - 65
22;0.0008972686237548165;1;0;6;17;12;5;33;56;Pacífico Sur;Urbano ( 2500-99,999 Hab);Hombre;18 - 24
28;0.000599120628829882;1;0;15;11;6;5;20;46;Pacifico-Norte;Urbano ( 2500-99,999 Hab);Mujer;25 - 34
38;0.0002995603144149417;1;0;18;18;15;3;25;61;Pacifico-Norte;Urbano ( 2500-99,999 Hab);Mujer;35 - 49
56;0.0012708220672976525;1;0;15;20;15;5;32;67;Pacifico-Norte;Urbano ( 2500-99,999 Hab);Mujer;50 - 65
33;0.00047582576905417395;1;0;15;20;15;5;28;63;Pacifico-Norte;Rural  ( <2500 Hab );Mujer;25 - 34
42;0.0007303677911192248;1;0;18;6;3;3;23;47;Pacifico-Norte;Rural  ( <2500 Hab );Hombre;35 - 49
34;0.00030881092411616;1;0;18;12;9;3;23;53;Pacifico-Norte;Rural  ( <2500 Hab );Mujer;25 - 34
50;0.00028475143542526293;1;0;12;18;15;3;35;65;Pacifico-Norte;Rural  ( <2500 Hab );Mujer;50 - 65
42;0.00043066358627267615;1;0;15;20;15;5;25;60;Pacifico-Norte;Rural  ( <2500 Hab );Mujer;35 - 49
20;0.0008613271725453523;1;0;18;6;3;3;14;38;Pacifico-Norte;Rural  ( <2500 Hab );Mujer;18 - 24
28;0.00044614794284648723;1;0;15;17;12;5;32;64;Pacifico-Norte;Rural  ( <2500 Hab );Mujer;25 - 34
59;0.0023434706709761187;1;0;6;17;12;5;31;54;Frontera;Rural  ( <2500 Hab );Hombre;50 - 65
41;0.0012167865845985827;1;0;6;11;6;5;21;38;Frontera;Rural  ( <2500 Hab );Hombre;35 - 49
19;0.00041311265061676287;1;0;0;17;12;5;35;52;Frontera;Rural  ( <2500 Hab );Hombre;18 - 24
19;0.0005577808885708509;1;0;12;20;15;5;36;68;Frontera;Rural  ( <2500 Hab );Mujer;18 - 24
37;0.00028871309657838885;1;0;18;10;9;1;23;51;Frontera;Rural  ( <2500 Hab );Mujer;35 - 49
41;0.000836727775538668;1;0;15;15;12;3;32;62;Frontera;Urbano ( 2500-99,999 Hab);Hombre;35 - 49
40;0.000836727775538668;1;0;12;17;12;5;25;54;Frontera;Urbano ( 2500-99,999 Hab);Hombre;35 - 49
39;0.0007399914615682893;1;0;0;20;15;5;36;56;Frontera;Urbano ( 2500-99,999 Hab);Hombre;35 - 49
20;0.0016715902661994897;1;0;12;14;9;5;25;51;Frontera;Rural  ( <2500 Hab );Hombre;18 - 24
48;0.0013399346901715819;1;0;18;7;6;1;19;44;Frontera;Urbano ( 2500-99,999 Hab);Mujer;35 - 49
35;0.00031598278702845225;1;0;18;6;6;0;22;46;Frontera;Urbano ( 2500-99,999 Hab);Mujer;35 - 49
56;0.00043726976482043366;1;0;18;0;0;0;13;31;Frontera;Urbano ( 2500-99,999 Hab);Hombre;50 - 65
58;0.0008795468735485258;1;0;18;15;12;3;25;58;Frontera;Urbano ( 2500-99,999 Hab);Mujer;50 - 65
56;0.00034267620966958593;1;2;15;14;9;5;20;51;Frontera;Rural  ( <2500 Hab );Mujer;50 - 65
39;0.0003272098138952152;1;0;18;12;9;3;24;54;Frontera;Rural  ( <2500 Hab );Mujer;35 - 49
46;0.00033914560629723356;1;0;18;7;6;1;17;42;Frontera;Rural  ( <2500 Hab );Mujer;35 - 49
52;0.0006687248061771376;1;0;0;20;15;5;38;58;Frontera;Rural  ( <2500 Hab );Hombre;50 - 65
60;0.00032042720810726056;1;0;18;0;0;0;10;28;Frontera;Rural  ( <2500 Hab );Hombre;50 - 65
20;0.0010132113557429895;1;0;18;0;0;0;10;28;Frontera;Rural  ( <2500 Hab );Hombre;18 - 24
38;0.0007901030903447462;1;0;15;20;15;5;30;65;Frontera;Rural  ( <2500 Hab );Mujer;35 - 49
25;0.0008543751172257113;1;0;12;15;12;3;32;59;Frontera;Rural  ( <2500 Hab );Hombre;25 - 34
37;0.00045407040090965546;1;0;12;17;12;5;20;49;Frontera;Rural  ( <2500 Hab );Mujer;35 - 49
28;0.0016511552187264149;1;0;6;20;15;5;34;60;Frontera;Urbano ( 2500-99,999 Hab);Mujer;25 - 34
54;0.0005070023152000582;1;0;18;3;3;0;12;33;Frontera;Urbano ( 2500-99,999 Hab);Mujer;50 - 65
53;0.00045488571958472225;1;0;18;11;6;5;19;48;Frontera;Rural  ( <2500 Hab );Hombre;50 - 65
41;0.0005080093880226097;1;0;18;0;0;0;13;31;Frontera;Rural  ( <2500 Hab );Hombre;35 - 49
60;0.0007864981956601809;1;0;6;20;15;5;30;56;Frontera;Rural  ( <2500 Hab );Hombre;50 - 65
45;0.0006039604030751985;1;0;18;11;6;5;24;53;Frontera;Rural  ( <2500 Hab );Hombre;35 - 49
30;0.0003254109639751083;1;0;0;20;15;5;35;55;Frontera;Rural  ( <2500 Hab );Mujer;25 - 34
41;0.0011139307835533192;1;0;18;1;0;1;16;35;Frontera;Rural  ( <2500 Hab );Hombre;35 - 49
49;0.0005035207756328653;1;0;18;4;3;1;12;34;Frontera;Rural  ( <2500 Hab );Mujer;35 - 49
35;0.0007964508269478943;1;0;0;20;15;5;33;53;Frontera;Rural  ( <2500 Hab );Hombre;35 - 49
19;0.0003327434983635447;1;0;18;8;3;5;17;43;Frontera;Urbano ( 2500-99,999 Hab);Mujer;18 - 24
31;0.00045005540087439275;1;0;6;20;15;5;38;64;Frontera;Urbano ( 2500-99,999 Hab);Mujer;25 - 34
44;0.00045005540087439275;1;0;9;15;12;3;23;47;Frontera;Urbano ( 2500-99,999 Hab);Mujer;35 - 49
35;0.00038731726319489766;1;2;18;9;6;3;17;46;Frontera;Urbano ( 2500-99,999 Hab);Mujer;35 - 49
29;0.002286754769828953;1;0;18;7;6;1;24;49;Frontera;Rural  ( <2500 Hab );Mujer;25 - 34
20;0.0002458383533269631;1;0;9;17;12;5;29;55;Frontera;Rural  ( <2500 Hab );Mujer;18 - 24
31;0.0009638305770771748;1;0;9;17;12;5;30;56;Frontera;Rural  ( <2500 Hab );Mujer;25 - 34
31;0.0012450109302402064;1;0;15;9;6;3;19;43;Frontera;Rural  ( <2500 Hab );Mujer;25 - 34
31;0.0009783528874329093;1;0;18;0;0;0;14;32;Frontera;Rural  ( <2500 Hab );Mujer;25 - 34
30;0.0017228144463375433;1;0;3;20;15;5;33;56;Frontera;Rural  ( <2500 Hab );Hombre;25 - 34
56;0.00029876424538829944;1;0;12;17;12;5;29;58;Frontera;Rural  ( <2500 Hab );Mujer;50 - 65
50;0.00032682812610711784;1;0;18;4;3;1;14;36;Frontera;Rural  ( <2500 Hab );Mujer;50 - 65
30;0.00017070004853172598;1;0;12;14;9;5;24;50;Frontera;Rural  ( <2500 Hab );Mujer;25 - 34
40;0.00035889770298535293;1;0;12;4;3;1;26;42;Frontera;Rural  ( <2500 Hab );Mujer;35 - 49
26;0.001957734484418247;1;0;9;12;9;3;26;47;Frontera;Urbano ( 2500-99,999 Hab);Hombre;25 - 34
64;0.00039962964443713867;1;0;18;20;15;5;33;71;Frontera;Urbano ( 2500-99,999 Hab);Mujer;50 - 65
20;0.0002779964226963754;1;0;12;14;9;5;29;55;Frontera;Urbano ( 2500-99,999 Hab);Mujer;18 - 24
33;0.0002303359688052471;1;0;12;9;6;3;22;43;Frontera;Urbano ( 2500-99,999 Hab);Mujer;25 - 34
33;0.0004606719376104942;1;0;18;14;9;5;18;50;Frontera;Urbano ( 2500-99,999 Hab);Mujer;25 - 34
38;0.0011103397686109376;1;0;15;10;9;1;30;55;Frontera;Rural  ( <2500 Hab );Mujer;35 - 49
32;0.000498613515701471;1;0;18;3;3;0;20;41;Frontera;Rural  ( <2500 Hab );Mujer;25 - 34
21;0.0005874573784991873;1;0;0;20;15;5;36;56;Frontera;Rural  ( <2500 Hab );Mujer;18 - 24
24;0.0010054775812437513;1;0;6;9;6;3;21;36;Frontera;Rural  ( <2500 Hab );Hombre;18 - 24
51;0.0005729083692376419;1;0;12;20;15;5;35;67;Frontera;Rural  ( <2500 Hab );Hombre;50 - 65
61;0.00025910220933385216;1;2;18;9;6;3;19;48;Frontera;Rural  ( <2500 Hab );Mujer;50 - 65
29;0.0028219555411018488;1;0;18;12;9;3;22;52;Frontera;Rural  ( <2500 Hab );Hombre;25 - 34
21;0.0017676312035411488;1;0;18;11;6;5;15;44;Frontera;Rural  ( <2500 Hab );Mujer;18 - 24
19;0.0008430870420750252;1;0;12;17;12;5;23;52;Frontera;Rural  ( <2500 Hab );Hombre;18 - 24
57;0.00031663046503843195;1;0;0;20;15;5;35;55;Pacífico Sur;Rural  ( <2500 Hab );Mujer;50 - 65
24;0.005604750086338406;1;0;18;9;6;3;16;43;Pacífico Sur;Urbano ( 2500-99,999 Hab);Hombre;18 - 24
43;0.005798017330694896;1;0;18;1;0;1;15;34;Pacífico Sur;Urbano ( 2500-99,999 Hab);Hombre;35 - 49
37;0.003268075852092359;1;0;18;12;9;3;32;62;Pacífico Sur;Urbano ( 2500-99,999 Hab);Hombre;35 - 49
43;0.008407125129507602;1;0;9;20;15;5;34;63;Pacífico Sur;Urbano ( 2500-99,999 Hab);Hombre;35 - 49
43;0.005987469779630779;1;0;18;17;12;5;25;60;Pacífico Sur;Rural  ( <2500 Hab );Mujer;35 - 49
45;0.00134463645181719;1;0;9;17;12;5;25;51;Pacífico Sur;Rural  ( <2500 Hab );Hombre;35 - 49
56;0.00031409533489022955;1;0;9;7;6;1;21;37;Pacífico Sur;Rural  ( <2500 Hab );Mujer;50 - 65
64;0.00134463645181719;1;0;15;10;9;1;29;54;Pacífico Sur;Rural  ( <2500 Hab );Hombre;50 - 65
51;0.0003487916448926577;1;0;3;20;15;5;36;59;Pacífico Sur;Rural  ( <2500 Hab );Mujer;50 - 65
24;0.0034683033454440053;1;0;18;15;12;3;24;57;Pacífico Sur;Rural  ( <2500 Hab );Mujer;18 - 24
42;0.0019044662333720977;1;0;18;20;15;5;27;65;Pacífico Sur;Rural  ( <2500 Hab );Mujer;35 - 49
35;0.0016252477422462727;1;0;15;17;12;5;28;60;Pacífico Sur;Rural  ( <2500 Hab );Mujer;35 - 49
63;0.002081688915628362;1;0;18;11;6;5;18;47;Pacífico Sur;Rural  ( <2500 Hab );Hombre;50 - 65
51;0.0008599421282788633;1;0;18;4;3;1;17;39;Pacífico Sur;Urbano ( 2500-99,999 Hab);Mujer;50 - 65
59;0.002401468017489861;1;0;15;13;12;1;33;61;Pacífico Sur;Urbano ( 2500-99,999 Hab);Mujer;50 - 65
58;0.00077794411710592;1;0;9;18;15;3;36;63;Pacífico Sur;Urbano ( 2500-99,999 Hab);Mujer;50 - 65
18;0.0014042020808737968;1;0;18;4;3;1;23;45;Pacífico Sur;Urbano ( 2500-99,999 Hab);Hombre;18 - 24
45;0.001508944113492415;1;0;18;3;3;0;22;43;Pacífico Sur;Urbano ( 2500-99,999 Hab);Mujer;35 - 49
30;0.0012080960613286777;1;0;12;17;12;5;27;56;Pacífico Sur;Urbano ( 2500-99,999 Hab);Mujer;25 - 34
27;0.0018334852666555088;1;0;15;4;3;1;18;37;Pacífico Sur;Urbano ( 2500-99,999 Hab);Mujer;25 - 34
44;0.008896416367367571;1;0;18;15;12;3;27;60;Pacífico Sur;Rural  ( <2500 Hab );Mujer;35 - 49
53;0.001833492519051324;1;2;18;0;0;0;13;33;Pacífico Sur;Rural  ( <2500 Hab );Mujer;50 - 65
18;0.00762997975770933;1;4;18;12;9;3;23;57;Pacífico Sur;Urbano ( 2500-99,999 Hab);Mujer;18 - 24
40;0.002077854008468463;1;0;15;15;12;3;26;56;Pacífico Sur;Rural  ( <2500 Hab );Mujer;35 - 49
61;0.005322813925887392;1;0;6;20;15;5;35;61;Pacífico Sur;Rural  ( <2500 Hab );Hombre;50 - 65
46;0.0010950323601385927;1;0;18;15;12;3;28;61;Pacífico Sur;Urbano ( 2500-99,999 Hab);Mujer;35 - 49
50;0.000888687524621244;1;0;18;13;12;1;34;65;Pacífico Sur;Rural  ( <2500 Hab );Mujer;50 - 65
50;0.000888687524621244;1;0;18;9;6;3;23;50;Pacífico Sur;Rural  ( <2500 Hab );Mujer;50 - 65
40;0.0006479604198965682;1;0;18;12;9;3;24;54;Centro Norte;Urbano ( 2500-99,999 Hab);Mujer;35 - 49
37;0.0012638370834127536;1;0;15;15;12;3;24;54;Centro Norte;Urbano ( 2500-99,999 Hab);Mujer;35 - 49
19;0.002501995262940155;1;0;12;20;15;5;32;64;Centro Norte;Urbano ( 2500-99,999 Hab);Mujer;18 - 24
29;0.0022572939662157767;1;0;12;20;15;5;35;67;Centro Norte;Rural  ( <2500 Hab );Mujer;25 - 34
58;0.0013205301064422165;1;0;18;20;15;5;33;71;Centro Norte;Rural  ( <2500 Hab );Mujer;50 - 65
18;0.0005745522953992924;1;0;0;17;12;5;31;48;Centro Norte;Rural  ( <2500 Hab );Hombre;18 - 24
49;0.0019202743475219219;1;0;6;20;15;5;38;64;Centro Norte;Rural  ( <2500 Hab );Hombre;35 - 49
48;0.0005680844714142762;1;0;18;20;15;5;28;66;Centro Norte;Rural  ( <2500 Hab );Mujer;35 - 49
39;0.004802044458070583;1;0;18;9;6;3;23;50;Centro Norte;Rural  ( <2500 Hab );Mujer;35 - 49
29;0.002876811289789136;1;0;18;15;12;3;33;66;Centro Norte;Rural  ( <2500 Hab );Hombre;25 - 34
42;0.001201538805015164;1;0;18;6;6;0;26;50;Centro Norte;Rural  ( <2500 Hab );Mujer;35 - 49
42;0.002876811289789136;1;2;18;10;9;1;30;60;Centro Norte;Rural  ( <2500 Hab );Hombre;35 - 49
39;0.0009432029836648603;1;2;18;7;6;1;17;44;Centro Norte;Rural  ( <2500 Hab );Mujer;35 - 49
38;0.0005590011043634572;1;0;18;17;12;5;33;68;Centro Norte;Urbano ( 2500-99,999 Hab);Mujer;35 - 49
43;0.0002795005521817293;1;0;18;4;3;1;19;41;Centro Norte;Urbano ( 2500-99,999 Hab);Mujer;35 - 49
36;0.0006012367433598069;1;0;15;17;12;5;24;56;Centro Norte;Urbano ( 2500-99,999 Hab);Mujer;35 - 49
20;0.0004945940240647529;1;0;18;12;9;3;17;47;Centro Norte;Urbano ( 2500-99,999 Hab);Hombre;18 - 24
22;0.00020480845964173828;1;0;18;14;9;5;25;57;Península;Urbano ( 2500-99,999 Hab);Mujer;18 - 24
57;0.0007668081031063578;1;0;6;17;12;5;29;52;Península;Rural  ( <2500 Hab );Hombre;50 - 65
55;0.00017117794390670663;1;0;12;20;15;5;38;70;Península;Rural  ( <2500 Hab );Mujer;50 - 65
42;0.0011836991553134536;1;0;12;14;9;5;24;50;Península;Rural  ( <2500 Hab );Mujer;35 - 49
51;0.0008487478575776304;1;0;12;12;9;3;35;59;Península;Rural  ( <2500 Hab );Hombre;50 - 65
48;0.0009116778522210125;1;0;18;9;6;3;19;46;Península;Rural  ( <2500 Hab );Mujer;35 - 49
21;0.0007267826095737763;1;0;15;17;12;5;26;58;Península;Rural  ( <2500 Hab );Mujer;18 - 24
20;0.0012821726870107812;1;0;18;12;9;3;26;56;Península;Rural  ( <2500 Hab );Hombre;18 - 24
28;0.0005844433913860644;1;0;18;12;9;3;23;53;Península;Rural  ( <2500 Hab );Mujer;25 - 34
47;0.0009294129488225224;1;0;18;7;6;1;18;43;Península;Rural  ( <2500 Hab );Mujer;35 - 49
27;0.0017833293424477324;1;0;18;17;12;5;27;62;Península;Rural  ( <2500 Hab );Mujer;25 - 34
52;0.0009267800928422634;1;0;18;4;3;1;15;37;Península;Urbano ( 2500-99,999 Hab);Hombre;50 - 65
24;0.0003149226341612868;1;0;18;12;9;3;28;58;Centro Norte;Rural  ( <2500 Hab );Mujer;18 - 24
27;0.0015080211901335875;1;0;18;10;9;1;25;53;Centro Norte;Rural  ( <2500 Hab );Hombre;25 - 34
42;0.0009598877022380673;1;0;18;17;12;5;32;67;Centro Norte;Rural  ( <2500 Hab );Mujer;35 - 49
57;0.0011066937111560231;1;0;3;20;15;5;40;63;Centro Norte;Rural  ( <2500 Hab );Mujer;50 - 65
32;0.004335539631278855;1;0;3;20;15;5;31;54;Centro Norte;Rural  ( <2500 Hab );Hombre;25 - 34
36;0.0008887285421942539;1;0;18;17;12;5;28;63;Centro Norte;Rural  ( <2500 Hab );Mujer;35 - 49
21;0.0020700458910666414;1;0;15;17;12;5;31;63;Centro Norte;Rural  ( <2500 Hab );Hombre;18 - 24
50;0.0007163825791399277;1;0;6;17;12;5;34;57;Centro Norte;Rural  ( <2500 Hab );Mujer;50 - 65
24;0.001870981423742836;1;2;18;4;3;1;18;42;Centro Norte;Rural  ( <2500 Hab );Hombre;18 - 24
61;0.0011486417577899611;1;0;18;4;3;1;18;40;Centro Norte;Rural  ( <2500 Hab );Mujer;50 - 65
60;0.0005743208788949799;1;0;18;12;9;3;31;61;Centro Norte;Rural  ( <2500 Hab );Mujer;50 - 65
46;0.0003930203599194245;1;2;12;15;12;3;31;60;Centro Norte;Rural  ( <2500 Hab );Mujer;35 - 49
34;0.000842558055608501;1;0;12;20;15;5;34;66;Centro Norte;Urbano ( 2500-99,999 Hab);Mujer;25 - 34
52;0.001394339644508536;1;0;18;14;9;5;22;54;Centro Norte;Urbano ( 2500-99,999 Hab);Mujer;50 - 65
50;0.0009137040917640997;1;0;15;17;12;5;27;59;Pacifico-Norte;Rural  ( <2500 Hab );Mujer;50 - 65
39;0.0005703468541348746;1;0;12;12;9;3;28;52;Pacifico-Norte;Rural  ( <2500 Hab );Mujer;35 - 49
43;0.0005098369369936841;1;0;15;7;6;1;22;44;Pacifico-Norte;Rural  ( <2500 Hab );Mujer;35 - 49
23;0.0008606269383097858;1;0;6;14;9;5;17;37;Pacifico-Norte;Rural  ( <2500 Hab );Mujer;18 - 24
26;0.00032533050149121854;1;0;9;17;12;5;22;48;Pacifico-Norte;Rural  ( <2500 Hab );Mujer;25 - 34
48;0.0014683425946205295;1;0;18;4;3;1;13;35;Pacifico-Norte;Rural  ( <2500 Hab );Mujer;35 - 49
33;0.0003657865896128275;1;0;12;20;15;5;30;62;Pacifico-Norte;Urbano ( 2500-99,999 Hab);Mujer;25 - 34
22;0.0006639487677005946;1;0;18;7;6;1;17;42;Pacifico-Norte;Urbano ( 2500-99,999 Hab);Mujer;18 - 24
38;0.002975330314229751;1;0;15;17;12;5;27;59;Pacifico-Norte;Rural  ( <2500 Hab );Mujer;35 - 49
55;0.0013806580296305884;1;0;18;4;3;1;25;47;Pacifico-Norte;Rural  ( <2500 Hab );Hombre;50 - 65
18;0.0007172477103649992;1;0;15;16;15;1;29;60;Pacifico-Norte;Rural  ( <2500 Hab );Mujer;18 - 24
27;0.0017678397876948397;1;0;0;17;12;5;34;51;Pacifico-Norte;Rural  ( <2500 Hab );Hombre;25 - 34
25;0.00028477425521976157;1;0;18;4;3;1;14;36;Pacifico-Norte;Urbano ( 2500-99,999 Hab);Mujer;25 - 34
28;0.0016619294747523587;1;0;6;17;12;5;28;51;Pacifico-Norte;Urbano ( 2500-99,999 Hab);Hombre;25 - 34
40;0.00044310269461642684;1;0;18;10;9;1;21;49;Pacifico-Norte;Urbano ( 2500-99,999 Hab);Mujer;35 - 49
34;0.0005162937647093193;1;0;12;14;9;5;27;53;Pacifico-Norte;Urbano ( 2500-99,999 Hab);Mujer;25 - 34
39;0.002301903439978843;1;0;0;17;12;5;30;47;Pacifico-Norte;Rural  ( <2500 Hab );Mujer;35 - 49
61;0.0003245120337526703;1;0;6;20;15;5;35;61;Pacifico-Norte;Rural  ( <2500 Hab );Hombre;50 - 65
32;0.00027506025566230284;1;0;12;14;9;5;21;47;Pacifico-Norte;Rural  ( <2500 Hab );Mujer;25 - 34
34;0.00022940280391798857;1;0;12;8;3;5;15;35;Pacifico-Norte;Rural  ( <2500 Hab );Mujer;25 - 34
25;0.0009680654366341221;1;0;9;12;9;3;34;55;Pacifico-Norte;Rural  ( <2500 Hab );Hombre;25 - 34
55;0.0007724797325199445;1;0;12;17;12;5;26;55;Pacifico-Norte;Rural  ( <2500 Hab );Hombre;50 - 65
44;0.0023414740298941966;1;0;12;18;15;3;31;61;Pacifico-Norte;Rural  ( <2500 Hab );Mujer;35 - 49
49;0.001161444395014555;1;0;12;17;12;5;24;53;Pacifico-Norte;Rural  ( <2500 Hab );Hombre;35 - 49
59;0.0007588465107217338;1;0;18;9;6;3;14;41;Pacifico-Norte;Rural  ( <2500 Hab );Hombre;50 - 65
27;0.0005095642326164047;1;0;12;6;3;3;21;39;Pacifico-Norte;Rural  ( <2500 Hab );Hombre;25 - 34
37;0.0005095642326164047;1;0;18;12;9;3;26;56;Pacifico-Norte;Rural  ( <2500 Hab );Hombre;35 - 49
51;0.0007588465107217338;1;0;3;20;15;5;36;59;Pacifico-Norte;Rural  ( <2500 Hab );Hombre;50 - 65
52;0.00047960321001657265;1;2;18;9;6;3;16;45;Pacifico-Norte;Rural  ( <2500 Hab );Mujer;50 - 65
27;0.0001380352839608119;1;2;18;10;9;1;20;50;Pacifico-Norte;Rural  ( <2500 Hab );Mujer;25 - 34
18;0.0015999675987089098;1;0;18;7;6;1;25;50;Pacifico-Norte;Rural  ( <2500 Hab );Hombre;18 - 24
23;0.0004885840408076035;1;0;15;20;15;5;36;71;Península;Urbano ( 2500-99,999 Hab);Mujer;18 - 24
18;0.002562217345678553;1;0;15;14;9;5;22;51;Península;Rural  ( <2500 Hab );Mujer;18 - 24
61;0.001014491516308516;1;0;18;6;6;0;26;50;Península;Rural  ( <2500 Hab );Mujer;50 - 65
26;0.0013454693064611784;1;0;15;20;15;5;32;67;Península;Rural  ( <2500 Hab );Hombre;25 - 34
61;0.0006533722010674716;1;0;18;10;9;1;22;50;Península;Rural  ( <2500 Hab );Mujer;50 - 65
34;0.0005477715787939885;1;0;12;11;6;5;23;46;Península;Rural  ( <2500 Hab );Mujer;25 - 34
33;0.002947996205889767;1;0;18;0;0;0;18;36;Península;Rural  ( <2500 Hab );Hombre;25 - 34
37;0.0006845241163967136;1;0;3;20;15;5;36;59;Península;Rural  ( <2500 Hab );Mujer;35 - 49
32;0.0005308206973832253;1;0;9;15;12;3;31;55;Península;Urbano ( 2500-99,999 Hab);Mujer;25 - 34
21;0.0009392663816333011;1;0;6;12;9;3;33;51;Península;Urbano ( 2500-99,999 Hab);Hombre;18 - 24
26;0.0004147641414679382;1;0;9;14;9;5;15;38;Península;Rural  ( <2500 Hab );Mujer;25 - 34
58;0.0005233100523782414;1;0;12;20;15;5;35;67;Península;Rural  ( <2500 Hab );Hombre;50 - 65
52;0.00022973998905330572;1;0;18;12;9;3;17;47;Península;Rural  ( <2500 Hab );Mujer;50 - 65
46;0.00047908914223069346;1;2;15;4;3;1;18;39;Península;Rural  ( <2500 Hab );Hombre;35 - 49
25;0.0026078389167262517;1;0;18;14;9;5;19;51;Península;Rural  ( <2500 Hab );Mujer;25 - 34
52;0.0014156026222345481;1;0;18;15;12;3;30;63;Península;Urbano ( 2500-99,999 Hab);Hombre;50 - 65
29;0.001050334243152291;1;2;15;14;9;5;27;58;Península;Urbano ( 2500-99,999 Hab);Hombre;25 - 34
39;0.00039291590251623734;1;0;12;9;6;3;19;40;Península;Urbano ( 2500-99,999 Hab);Mujer;35 - 49
29;0.0005291279053744437;1;0;15;15;12;3;27;57;Frontera;Urbano ( 2500-99,999 Hab);Mujer;25 - 34
26;0.0007498098562938331;1;0;9;20;15;5;34;63;Frontera;Urbano ( 2500-99,999 Hab);Mujer;25 - 34
56;0.0012134383404631874;1;0;6;14;9;5;29;49;Frontera;Rural  ( <2500 Hab );Mujer;50 - 65
45;0.001520969340822326;1;0;18;6;6;0;18;42;Frontera;Rural  ( <2500 Hab );Hombre;35 - 49
51;0.0019677378493997595;1;0;18;12;9;3;28;58;Frontera;Rural  ( <2500 Hab );Mujer;50 - 65
25;0.005905357546816006;1;0;18;10;9;1;24;52;Frontera;Rural  ( <2500 Hab );Mujer;25 - 34
62;0.003344626790617385;1;0;6;14;9;5;27;47;Frontera;Rural  ( <2500 Hab );Mujer;50 - 65
45;0.0006685406821182991;1;0;0;15;12;3;32;47;Frontera;Rural  ( <2500 Hab );Hombre;35 - 49
37;0.000426647680876026;1;0;3;17;12;5;28;48;Frontera;Rural  ( <2500 Hab );Mujer;35 - 49
45;0.0014886681093769383;1;0;18;9;6;3;19;46;Frontera;Urbano ( 2500-99,999 Hab);Hombre;35 - 49
49;0.0004739151754938548;1;0;18;7;6;1;17;42;Frontera;Urbano ( 2500-99,999 Hab);Mujer;35 - 49
22;0.0003082794239896386;1;0;18;7;6;1;13;38;Frontera;Urbano ( 2500-99,999 Hab);Mujer;18 - 24
26;0.00521584984438562;1;0;18;7;6;1;22;47;Frontera;Rural  ( <2500 Hab );Mujer;25 - 34
50;0.0011320162458229796;1;0;6;17;12;5;25;48;Frontera;Rural  ( <2500 Hab );Mujer;50 - 65
57;0.0013921916163133496;1;0;18;15;12;3;34;67;Frontera;Rural  ( <2500 Hab );Hombre;50 - 65
25;0.0017823237732984027;1;0;3;20;15;5;37;60;Frontera;Rural  ( <2500 Hab );Mujer;25 - 34
59;0.0008680751204852035;1;0;18;3;3;0;15;36;Frontera;Rural  ( <2500 Hab );Mujer;50 - 65
57;0.0007114211432878649;1;0;9;12;9;3;32;53;Frontera;Rural  ( <2500 Hab );Hombre;50 - 65
59;0.0011745564710758493;1;0;9;17;12;5;31;57;Frontera;Rural  ( <2500 Hab );Mujer;50 - 65
36;0.0009573868675448434;1;0;12;17;12;5;27;56;Frontera;Rural  ( <2500 Hab );Mujer;35 - 49
43;0.0023720910817848317;1;0;18;15;12;3;23;56;Frontera;Rural  ( <2500 Hab );Hombre;35 - 49
42;0.0022974744452266835;1;0;15;14;9;5;22;51;Frontera;Rural  ( <2500 Hab );Hombre;35 - 49
47;0.00020388171078207734;1;0;0;20;15;5;39;59;Centro;Rural  ( <2500 Hab );Hombre;35 - 49
52;0.00013451479127552646;1;0;15;20;15;5;32;67;Centro;Rural  ( <2500 Hab );Mujer;50 - 65
43;0.0002333064217961936;1;0;12;7;6;1;14;33;Centro;Rural  ( <2500 Hab );Mujer;35 - 49
63;0.0003380773182460658;1;0;18;1;0;1;13;32;Centro;Urbano ( 2500-99,999 Hab);Mujer;50 - 65
19;0.00047048252436342837;1;0;0;20;15;5;38;58;Centro;Urbano ( 2500-99,999 Hab);Hombre;18 - 24
24;0.0012043279587700358;1;0;6;17;12;5;33;56;Centro;Urbano ( 2500-99,999 Hab);Hombre;18 - 24
24;0.00036854280889214036;1;0;6;20;15;5;38;64;Centro;Urbano ( 2500-99,999 Hab);Mujer;18 - 24
55;0.0011248854578251746;1;0;15;18;15;3;26;59;Centro;Urbano ( 2500-99,999 Hab);Hombre;50 - 65
36;0.0007714883882841422;1;0;0;17;12;5;35;52;Centro;Urbano ( 2500-99,999 Hab);Mujer;35 - 49
33;0.0003908221388776552;1;0;12;18;15;3;34;64;Centro;Urbano ( 2500-99,999 Hab);Mujer;25 - 34
28;0.0023643941211431833;1;0;0;20;15;5;40;60;Centro;Urbano ( 2500-99,999 Hab);Hombre;25 - 34
63;0.0009422983513436258;1;0;0;20;15;5;38;58;Centro;Urbano ( 2500-99,999 Hab);Hombre;50 - 65
56;0.0010893566638658998;1;0;18;14;9;5;14;46;Centro;Rural  ( <2500 Hab );Mujer;50 - 65
35;0.006547666391558491;1;0;18;17;12;5;23;58;Centro;Urbano ( 2500-99,999 Hab);Mujer;35 - 49
64;0.003574257096797617;1;2;18;4;3;1;15;39;Centro;Urbano ( 2500-99,999 Hab);Mujer;50 - 65
40;0.008023061465501986;1;0;18;15;12;3;32;65;Centro;Rural  ( <2500 Hab );Mujer;35 - 49
32;0.004289268226481951;1;0;15;17;12;5;31;63;Centro;Rural  ( <2500 Hab );Hombre;25 - 34
24;0.0012650493867405284;1;0;18;1;0;1;12;31;Centro;Rural  ( <2500 Hab );Mujer;18 - 24
54;0.005146930219388564;1;0;18;4;3;1;22;44;Centro;Urbano ( 2500-99,999 Hab);Mujer;50 - 65
64;0.0038736062289478814;1;0;9;12;9;3;29;50;Centro;Rural  ( <2500 Hab );Mujer;50 - 65
47;0.0009234518202298274;1;0;18;0;0;0;19;37;Península;Urbano ( 2500-99,999 Hab);Hombre;35 - 49
42;0.0007684279035487332;1;0;18;15;12;3;27;60;Península;Urbano ( 2500-99,999 Hab);Hombre;35 - 49
58;0.001056667248050769;1;0;18;12;9;3;24;54;Península;Rural  ( <2500 Hab );Hombre;50 - 65
37;0.0005611919688756197;1;0;12;14;9;5;21;47;Península;Rural  ( <2500 Hab );Mujer;35 - 49
39;0.0038300951865004504;1;0;9;15;12;3;33;57;Península;Rural  ( <2500 Hab );Hombre;35 - 49
51;0.000430912903162769;1;0;15;14;9;5;28;57;Península;Rural  ( <2500 Hab );Hombre;50 - 65
60;0.0016069874874614456;1;0;15;20;15;5;24;59;Península;Urbano ( 2500-99,999 Hab);Mujer;50 - 65
38;0.0013240422290984578;1;0;12;12;9;3;22;46;Península;Urbano ( 2500-99,999 Hab);Mujer;35 - 49
24;0.00040907349849353056;1;0;15;17;12;5;24;56;Península;Urbano ( 2500-99,999 Hab);Mujer;18 - 24
48;0.0006649979993603315;1;0;18;12;9;3;23;53;Península;Rural  ( <2500 Hab );Mujer;35 - 49
27;0.0015778260002834146;1;0;12;14;9;5;32;58;Península;Rural  ( <2500 Hab );Hombre;25 - 34
31;0.000617872308618519;1;0;15;10;9;1;22;47;Península;Rural  ( <2500 Hab );Mujer;25 - 34
21;0.0006652377826802928;1;2;12;20;15;5;40;74;Península;Rural  ( <2500 Hab );Hombre;18 - 24
23;0.0024627335287135178;1;0;3;20;15;5;36;59;Centro Norte;Rural  ( <2500 Hab );Hombre;18 - 24
21;0.0020483904770249545;1;0;12;10;9;1;30;52;Centro Norte;Rural  ( <2500 Hab );Mujer;18 - 24
56;0.0006003692105245729;1;0;18;14;9;5;26;58;Centro Norte;Rural  ( <2500 Hab );Mujer;50 - 65
21;0.0005249697985173102;1;0;18;11;6;5;15;44;Centro Norte;Rural  ( <2500 Hab );Mujer;18 - 24
55;0.0004337615610987212;1;0;12;15;12;3;22;49;Centro Norte;Rural  ( <2500 Hab );Mujer;50 - 65
36;0.0015864615470139373;1;0;12;9;6;3;14;35;Centro Norte;Urbano ( 2500-99,999 Hab);Mujer;35 - 49
32;0.001656605266487661;1;0;12;14;9;5;25;51;Centro Norte;Urbano ( 2500-99,999 Hab);Hombre;25 - 34
37;0.00147335749214673;1;0;9;20;15;5;33;62;Centro Norte;Urbano ( 2500-99,999 Hab);Hombre;35 - 49
46;0.0004210247500901538;1;0;18;12;9;3;27;57;Centro Norte;Urbano ( 2500-99,999 Hab);Mujer;35 - 49
21;0.0003880638187992766;1;0;12;20;15;5;35;67;Centro Norte;Rural  ( <2500 Hab );Hombre;18 - 24
57;0.000248366264065175;1;0;12;9;6;3;22;43;Centro Norte;Rural  ( <2500 Hab );Hombre;50 - 65
47;0.000248366264065175;1;0;3;20;15;5;37;60;Centro Norte;Rural  ( <2500 Hab );Hombre;35 - 49
38;0.00012305198162270407;1;0;0;20;15;5;34;54;Centro Norte;Rural  ( <2500 Hab );Mujer;35 - 49
43;0.00024382502141225094;1;0;18;10;9;1;26;54;Centro Norte;Rural  ( <2500 Hab );Mujer;35 - 49
30;0.00017484366376266993;1;0;3;20;15;5;36;59;Centro Norte;Urbano ( 2500-99,999 Hab);Mujer;25 - 34
